id,label,address,location_type,station,priority
1,FS01,"456 Albert St, East Melbourne 3002",ST,Eastern Hill,1
2,FS02,"60 Batman St, West Melbourne 3003",ST,West Melbourne,1
3,FS03,"106 Bouverie St, Carlton 3053",ST,Carlton,1
4,FS04,"24 Blyth St, Brunswick 3056",ST,Brunswick,1
5,FS05,"338 Camp Rd, Broadmeadows 3047",ST,Broadmeadows,1
6,FS06,"345A Gaffney St, Pascoe Vale 3044",ST,Pascoe Vale,1
7,FS07,"92 Mahoneys Rd, Thomastown 3074",ST,Thomastown,1
8,FS09,"10 Somerton Park Drive, Campbellfield 3061",ST,Somerton,1
9,FS10,"55 Church St, Richmond 3121",ST,Richmond,1
10,FS11,"28 Childs Rd, Epping 3076",ST,Epping,1
11,FS12,"471 Bell St, Preston 3072",ST,Preston,1
12,FS13,"3 Mitchell St, Northcote 3070",ST,Northcote,1
13,FS14,"1083 Plenty Rd, Bundoora 3083",ST,Bundoora,1
14,FS15,"161 Bell St, Heidelberg 3084",ST,Heidelberg,1
15,FS16,"141 Grimshaw St, Greensborough 3088",ST,Greensborough,1
16,FS17,Not yet established,ST,Donnybrook,1
17,FS18,"45 William St, Hawthorn 3122",ST,Hawthorn,1
18,FS19,"312 Doncaster Rd, North Balwyn 3104",ST,North Balwyn,1
19,FS20,"1052 Maroondah Hwy, Box Hill 3128",ST,Box Hill,1
20,FS22,"272 Maroondah Hwy, Ringwood 3134",ST,Ringwood,1
21,FS23,"25 Highbury Rd, Burwood 3125",ST,Burwood,1
22,FS24,"1721 Malvern Rd, Glen Iris 3146",ST,Glen Iris (Malvern),1
23,FS25,"100 Atherton Rd, Oakleigh 3166",ST,Oakleigh,1
24,FS26,"306 Dorset Rd, Croydon 3136",ST,Croydon,1
25,FS27,"364 Maroondah Hwy, Nunawading 3131",ST,Nunawading,1
26,FS28,"721 Highbury Rd, Vermont South 3133",ST,Vermont South,1
27,FS29,"529 Clayton Rd, Clayton 3169",ST,Clayton,1
28,FS30,"40 Serpells Rd, Templestowe 3106",ST,Templestowe,1
29,FS31,"645 Ferntree Gully Rd, Glen Waverley 3150",ST,Glen Waverley,1
30,FS32,"311 North Rd, Caulfield South 3162",ST,Ormond,1
31,FS33,"103 Nepean Hwy, Mentone 3194",ST,Mentone,1
32,FS34,"150 Wickham Rd, Highett 3190",ST,Highett,1
33,FS35,"156 Albert St, Windsor 3181",ST,Windsor,1
34,FS38,"26 Moray St, South Melbourne 3205",ST,South Melbourne,2
35,FS39,"448 Graham St, Port Melbourne 3207",ST,Port Melbourne,1
36,FS40,"5 Epsom St, Laverton 3028",ST,Laverton,1
37,FS41,"9 Taylors Rd, St Albans 3021",ST,St Albans,1
38,FS42,"231 Melbourne Rd, Newport 3015",ST,Newport,1
39,FS43,"780A Ballarat Rd, Deer Park 3023",ST,Deer Park,1
40,FS44,"30 McIntyre Rd, Sunshine 3020",ST,Sunshine,1
41,FS45,"29 Millers Rd, Brooklyn VIC 3012",ST,Brooklyn,1
42,FS46,"7 Akuna St, Altona 3018",ST,Altona,1
43,FS47,"69 Droop St, Footscray 3011",ST,Footscray,1
44,FS48,"470 Melton Hwy, Taylors Lakes 3038",ST,Taylors Lakes,1
45,FS50,"258 Union Rd, Moonee Ponds 3039",ST,Ascot Vale,1
46,FS51,"145 Milleara Rd, East Keilor 3033",ST,Keilor,1
47,FS52,"1 Western Ave, Tullamarine 3043",ST,Tullamarine,1
48,FS53,"144 Gap Rd, Sunbury 3429",ST,Sunbury,1
49,FS54,"33 Barrymore Rd, Greenvale 3059",ST,Greenvale,1
50,FS55,"8-10 Caroline Springs Bvd, Caroline Springs 3012",ST,Caroline Springs,1
51,FS56,"40-44 Henry St, Melton 3337",ST,Melton,1
52,FS57,"417 Derrimut Rd, Tarneit 3029",ST,Tarneit,1
53,FS58,"85-93 Dunnings Rd, Point Cook 3030",ST,Point Cook,1
54,FS59,"337 Fitzgerald Road, Derrimut VIC 3026",ST,Derrimut,1
55,FS61,"25 Mill Rd, Lara 3212 (PO Box 15 Lara Vic 3212)",ST,Lara,2
56,FS62,"20-32 Birdwood Ave, Norlane 3214",ST,Corio,1
57,FS63,"69 McKillop St, Geelong 3220",ST,Geelong City,1
58,FS64,"2-4 Reynolds Rd, Belmont 3216",ST,Belmont,1
59,FS65,,ST,Armstrong Creek,1
60,FS66,"5-11 Shell Rd, Ocean Grove 3226",ST,Ocean Grove,1
61,FS67,"1120 Sturt St, Ballarat 3350",ST,Ballarat City,1
62,FS68,"89 Ballarat-Carngham Rd, Winter Valley 3358",ST,Lucas,2
63,FS70,"61-67 Mortlake Rd, Warrnambool 3280",ST,Warrnambool,1
64,FS71,"130 Percy St, Portland 3305",ST,Portland,1
65,FS72,"338 San Mateo Ave, Mildura 3500",ST,Mildura,1
66,FS73,"145-149 Hargreaves St, Bendigo 3550",ST,Bendigo,1
67,FS74,"26-30 Handley St, Wangaratta 3677",ST,Wangaratta,1
68,FS75,"84-98 Archer Street, Shepparton 3630",ST,Shepparton,2
69,FS76,"81 Thomas Mitchell Drive, Wodonga 3690",ST,Wodonga,1
70,FS77,"158 Princes Hwy, Traralgon 3844",ST,Traralgon,1
71,FS78,"171 Princess Drive, Morwell 3840.",ST,Morwell,1
72,FS79,"77-79 Lloyd St, Moe 3825",ST,Latrobe West,1
73,FS80,"2 Belsay Place, Craigieburn 3064",ST,Craigieburn,1
74,FS81,"875 Plenty Rd, South Morang 3752",ST,South Morang,1
75,FS82,"61 Brougham St, Eltham 3095",ST,Eltham City,1
76,FS84,"29 Falconer Rd, Park Orchards 3114",ST,South Warrandyte,1
77,FS85,"296-306 Boronia Rd, Boronia 3155",ST,Boronia,1
78,FS86,"1063 Wellington Rd, Rowville 3178",ST,Rowville,1
79,FS87,"186-190 Princes Highway, Dandenong 3175",ST,Dandenong,1
80,FS88,"12-14 Belgrave Hallam Rd, Hallam 3803",ST,Hallam,1
81,FS89,"518 Springvale Rd, Springvale South 3172",ST,Springvale,1
82,FS90,"37 McLeod Rd, Carrum 3197",ST,Patterson River,1
83,FS91,"3 Cranbourne Rd, Frankston 3199",ST,Frankston,1
84,FS92,"8-10 Arundel St, Cranbourne 3977",ST,Cranbourne,1
85,FS93,"780 Princes Hwy, Pakenham 3810",ST,Pakenham,1
86,FS94,"859 Nepean Hwy, Mornington 3931",ST,Mornington,1
87,FS95,"99-101 Boneo Rd, Rosebud 3939",ST,Rosebud,1
88,FS97,,AP,Clyde North,1
89,HZ38,"26 Moray St, South Melbourne 3205",AP,South Melbourne,2
90,HZ61,"25 Mill Rd, Lara 3212 (PO Box 15 Lara Vic 3212)",AP,Lara,2
91,HZ68,"89 Ballarat-Carngham Rd, Winter Valley 3358",AP,Lucas,2
92,HZ75,"84-98 Archer Street, Shepparton 3630",AP,Shepparton,2
93,HZ88,"12-14 Belgrave Hallam Rd, Hallam 3803",AP,Hallam,2
94,POD88,"12-14 Belgrave Hallam Rd, Hallam 3803",AP,Hallam,2
95,Burnley,"450 Burnley Street, Richmond 3121",WK,Burnley,3
96,FIU,,WG,FIU,1
97,Academy,"284 Hume Hwy, Craigieburn",WG,Academy,1
98,Central,,DI,Central,2
99,Eastern,,DI,Eastern,2
100,Southern 1,,DI,Southern 1,2
101,Southern 2,,DI,Southern 2,2
102,SE Regional,,DI,SE Regional,2
103,Western 1,,DI,Western 1,2
104,Western 2,,DI,Western 2,2
105,Western 3,,DI,Western 3,2
106,Northern,,DI,Northern,2
107,NW Regional,,DI,NW Regional,2
108,Offsite Maintenance,,EX,Offsite,3
109,EVIE,,AP,Central,1
110,Unknown,,EX,Unknown,3
111,Valley,,DI,Valley,2
112,MHA,,WG,Training,1
113,CSR Kit 1,,WG,FS10,1
114,CSR Kit 2,,WG,FS10,1
115,CSR Kit 3,,WG,FS10,1
116,BA38,,AP,FS38,2
