id,sensorgas,detector_id,sensor_id
1,CO,1,1095
2,HC,1,1641
3,LE,1,1
4,O2,1,551
5,CO,2,1096
6,HC,2,1642
7,LE,2,2
8,O2,2,552
9,CO,3,1097
10,HC,3,1643
11,LE,3,3
12,O2,3,553
13,CO,4,1098
14,HC,4,1644
15,LE,4,4
16,O2,4,554
17,CO,5,
18,HC,5,
19,LE,5,
20,O2,5,
21,CO,6,1099
22,HC,6,1645
23,LE,6,5
24,O2,6,555
25,CO,7,1100
26,HC,7,1646
27,LE,7,6
28,O2,7,556
29,CO,8,2458
30,HC,8,2453
31,LE,8,2457
32,O2,8,557
33,CO,9,1102
34,HC,9,1648
35,LE,9,8
36,O2,9,558
37,CO,10,1103
38,HC,10,1649
39,LE,10,9
40,O2,10,559
41,CO,11,1104
42,HC,11,1650
43,LE,11,10
44,O2,11,560
45,CO,12,1105
46,HC,12,1651
47,LE,12,11
48,O2,12,561
49,CO,13,1106
50,HC,13,1652
51,LE,13,12
52,O2,13,562
53,CO,14,1107
54,HC,14,1653
55,LE,14,13
56,O2,14,563
57,CO,15,1108
58,HC,15,1654
59,LE,15,14
60,O2,15,564
61,CO,16,1109
62,HC,16,1655
63,LE,16,15
64,O2,16,565
65,CO,17,1110
66,HC,17,1656
67,LE,17,16
68,O2,17,566
69,CO,18,2488
70,HC,18,2489
71,LE,18,2487
72,O2,18,567
73,CO,19,1112
74,HC,19,1658
75,LE,19,18
76,O2,19,568
77,CO,20,1113
78,HS,20,
79,LE,20,19
80,O2,20,569
81,CO,21,1114
82,HC,21,1659
83,LE,21,20
84,O2,21,570
85,CO,22,1115
86,HC,22,1660
87,LE,22,21
88,O2,22,571
89,CO,23,1116
90,HC,23,1661
91,LE,23,22
92,O2,23,572
93,CO,24,1117
94,HC,24,1662
95,LE,24,23
96,O2,24,573
97,CO,25,1118
98,HC,25,1663
99,LE,25,24
100,O2,25,574
101,CO,26,1119
102,HC,26,1664
103,LE,26,25
104,O2,26,575
105,CO,27,1120
106,HC,27,1665
107,LE,27,26
108,O2,27,576
109,CO,28,1121
110,HC,28,1666
111,LE,28,27
112,O2,28,577
113,CO,29,1122
114,HC,29,1667
115,LE,29,28
116,O2,29,578
117,CO,30,1123
118,HC,30,1668
119,LE,30,29
120,O2,30,579
121,CO,31,
122,HC,31,
123,LE,31,
124,O2,31,
125,CO,32,1124
126,HC,32,1669
127,LE,32,30
128,O2,32,580
129,CO,33,1125
130,HC,33,1670
131,LE,33,31
132,O2,33,581
133,CO,34,1126
134,HC,34,1671
135,LE,34,32
136,O2,34,582
137,CO,35,1127
138,HC,35,1672
139,LE,35,33
140,O2,35,583
141,CO,36,1128
142,HC,36,1673
143,LE,36,34
144,O2,36,584
145,CO,37,1129
146,HC,37,1674
147,LE,37,35
148,O2,37,585
149,CO,38,1130
150,HC,38,1675
151,LE,38,36
152,O2,38,586
153,CO,39,1131
154,HC,39,1676
155,LE,39,37
156,O2,39,587
157,CO,40,1132
158,HC,40,1677
159,LE,40,38
160,O2,40,588
161,CO,41,1133
162,HC,41,1678
163,LE,41,39
164,O2,41,589
165,CO,42,1134
166,HC,42,1679
167,LE,42,40
168,O2,42,590
169,CO,43,1135
170,HC,43,1680
171,LE,43,41
172,O2,43,591
173,CO,44,1136
174,HC,44,1681
175,LE,44,42
176,O2,44,592
177,CO,45,1137
178,HC,45,1682
179,LE,45,43
180,O2,45,593
181,CO,46,1138
182,HC,46,1683
183,LE,46,44
184,O2,46,594
185,CO,47,1139
186,HC,47,1684
187,LE,47,45
188,O2,47,595
189,CO,48,1140
190,HC,48,1685
191,LE,48,46
192,O2,48,596
193,CO,49,1141
194,HC,49,1686
195,LE,49,47
196,O2,49,597
197,CO,50,1142
198,HC,50,1687
199,LE,50,48
200,O2,50,598
201,CO,51,2472
202,HC,51,2435
203,LE,51,2471
204,O2,51,599
205,CO,52,1144
206,HC,52,1689
207,LE,52,50
208,O2,52,600
209,CO,53,1145
210,HC,53,1690
211,LE,53,51
212,O2,53,601
213,CO,54,1146
214,HC,54,2445
215,LE,54,52
216,O2,54,2444
217,CO,55,1147
218,HC,55,1692
219,LE,55,53
220,O2,55,603
221,CO,56,1148
222,HC,56,1693
223,LE,56,54
224,O2,56,604
225,CO,57,1149
226,HC,57,1694
227,LE,57,55
228,O2,57,605
229,CO,58,1150
230,HC,58,1695
231,LE,58,56
232,O2,58,606
233,CO,59,1151
234,HC,59,1696
235,LE,59,57
236,O2,59,607
237,CO,60,1152
238,HC,60,1697
239,LE,60,58
240,O2,60,608
241,CO,61,
242,HC,61,
243,LE,61,
244,O2,61,
245,CO,62,1153
246,HC,62,1698
247,LE,62,59
248,O2,62,609
249,CO,63,1154
250,HC,63,1699
251,LE,63,60
252,O2,63,610
253,CO,64,
254,HC,64,
255,LE,64,
256,O2,64,
257,CO,65,1155
258,HC,65,1700
259,LE,65,61
260,O2,65,611
261,CO,66,1156
262,HC,66,1701
263,LE,66,62
264,O2,66,612
265,CO,67,
266,HC,67,
267,LE,67,
268,O2,67,
269,CO,68,1157
270,HC,68,1702
271,LE,68,63
272,O2,68,613
273,CO,69,1158
274,HC,69,1703
275,LE,69,64
276,O2,69,614
277,CO,70,1159
278,HC,70,1704
279,LE,70,65
280,O2,70,615
281,CO,71,1160
282,HC,71,1705
283,LE,71,66
284,O2,71,616
285,CO,72,1161
286,HC,72,1706
287,LE,72,67
288,O2,72,617
289,CO,73,1162
290,HC,73,1707
291,LE,73,68
292,O2,73,618
293,CO,74,1163
294,HC,74,1708
295,LE,74,69
296,O2,74,619
297,CO,75,1164
298,HC,75,1709
299,LE,75,70
300,O2,75,620
301,CO,76,1165
302,HC,76,1710
303,LE,76,71
304,O2,76,621
305,CO,77,1166
306,HC,77,1711
307,LE,77,72
308,O2,77,622
309,CO,78,1167
310,HC,78,1712
311,LE,78,73
312,O2,78,623
313,CO,79,1168
314,HC,79,1713
315,LE,79,74
316,O2,79,624
317,CO,80,1169
318,HC,80,1714
319,LE,80,75
320,O2,80,625
321,CO,81,1170
322,HC,81,1715
323,LE,81,76
324,O2,81,626
325,CO,82,1171
326,HC,82,1716
327,LE,82,77
328,O2,82,627
329,CO,83,1172
330,HS,83,2123
331,LE,83,78
332,O2,83,628
333,CO,84,1173
334,HC,84,1717
335,LE,84,79
336,O2,84,629
337,CO,85,1174
338,HC,85,1718
339,LE,85,80
340,O2,85,
341,CO,86,1175
342,HC,86,1719
343,LE,86,81
344,O2,86,630
345,CO,87,1176
346,HC,87,1720
347,LE,87,82
348,O2,87,631
349,CO,88,1177
350,HC,88,1721
351,LE,88,83
352,O2,88,632
353,CO,89,1178
354,HC,89,1722
355,LE,89,84
356,O2,89,633
357,CO,90,1179
358,HC,90,1723
359,LE,90,85
360,O2,90,634
361,CO,91,1180
362,HC,91,1724
363,LE,91,86
364,O2,91,635
365,CO,92,1181
366,HC,92,1725
367,LE,92,87
368,O2,92,636
369,CO,93,1182
370,HC,93,1726
371,LE,93,88
372,O2,93,637
373,CO,94,2474
374,HC,94,2475
375,LE,94,2473
376,O2,94,638
377,CO,95,1184
378,HC,95,1728
379,LE,95,90
380,O2,95,639
381,CO,96,1185
382,HC,96,1729
383,LE,96,91
384,O2,96,640
385,CO,97,1186
386,HC,97,1730
387,LE,97,92
388,O2,97,641
389,CO,98,1187
390,HC,98,1731
391,LE,98,93
392,O2,98,642
393,CO,99,1188
394,HC,99,1732
395,LE,99,94
396,O2,99,643
397,CO,100,1189
398,HC,100,1733
399,LE,100,95
400,O2,100,644
401,CO,101,1190
402,HC,101,1734
403,LE,101,96
404,O2,101,645
405,CO,102,1191
406,HC,102,1735
407,LE,102,97
408,O2,102,646
409,CO,103,1192
410,HC,103,1736
411,LE,103,98
412,O2,103,647
413,CO,104,1193
414,HC,104,1737
415,LE,104,99
416,O2,104,648
417,CO,105,1194
418,HC,105,1738
419,LE,105,100
420,O2,105,649
421,CO,106,1195
422,HC,106,1739
423,LE,106,101
424,O2,106,650
425,CO,107,1196
426,HC,107,1740
427,LE,107,102
428,O2,107,651
429,CO,108,1197
430,HC,108,1741
431,LE,108,103
432,O2,108,652
433,CO,109,1198
434,HC,109,1742
435,LE,109,104
436,O2,109,653
437,CO,110,1199
438,HC,110,1743
439,LE,110,105
440,O2,110,654
441,CO,111,1200
442,HC,111,1744
443,LE,111,106
444,O2,111,655
445,CO,112,2491
446,HC,112,1745
447,LE,112,2490
448,O2,112,656
449,CO,113,2477
450,HC,113,2478
451,LE,113,2476
452,O2,113,657
453,CO,114,1203
454,HC,114,1747
455,LE,114,109
456,O2,114,658
457,CO,115,1204
458,HC,115,1748
459,LE,115,110
460,O2,115,659
461,CO,116,1205
462,HC,116,1749
463,LE,116,111
464,O2,116,660
465,CO,117,1206
466,HC,117,1750
467,LE,117,112
468,O2,117,661
469,CO,118,1207
470,HC,118,1751
471,LE,118,113
472,O2,118,662
473,CO,119,1208
474,HC,119,1752
475,LE,119,114
476,O2,119,663
477,CO,120,
478,HC,120,
479,LE,120,
480,O2,120,
481,CO,121,1209
482,HC,121,1753
483,LE,121,115
484,O2,121,664
485,CO,122,1210
486,HC,122,1754
487,LE,122,116
488,O2,122,665
489,CO,123,1211
490,HC,123,1755
491,LE,123,117
492,O2,123,666
493,CO,124,1212
494,HC,124,1756
495,LE,124,118
496,O2,124,667
497,CO,125,1213
498,HC,125,1757
499,LE,125,119
500,O2,125,668
501,CO,126,1214
502,HC,126,
503,LE,126,120
504,O2,126,669
505,CO,127,1215
506,HC,127,1758
507,LE,127,121
508,O2,127,670
509,CO,128,1216
510,HC,128,1759
511,LE,128,122
512,O2,128,671
513,CO,129,1217
514,HC,129,1760
515,LE,129,123
516,O2,129,672
517,CO,130,1218
518,HC,130,1761
519,LE,130,124
520,O2,130,673
521,CO,131,1219
522,HC,131,1762
523,LE,131,125
524,O2,131,674
525,CO,132,1220
526,HC,132,1763
527,LE,132,126
528,O2,132,675
529,CO,133,1221
530,HC,133,1764
531,LE,133,127
532,O2,133,676
533,CO,134,1222
534,HC,134,1765
535,LE,134,128
536,O2,134,677
537,CO,135,1223
538,HC,135,1766
539,LE,135,129
540,O2,135,678
541,CO,136,1224
542,HC,136,1767
543,LE,136,130
544,O2,136,679
545,CO,137,1225
546,HC,137,1768
547,LE,137,131
548,O2,137,680
549,CO,138,
550,HC,138,
551,LE,138,
552,O2,138,
553,CO,139,1226
554,HC,139,1769
555,LE,139,132
556,O2,139,681
557,CO,140,1227
558,HC,140,1770
559,LE,140,133
560,O2,140,682
561,CO,141,2466
562,HC,141,2467
563,LE,141,2465
564,O2,141,683
565,CO,142,1229
566,HC,142,1772
567,LE,142,135
568,O2,142,684
569,CO,143,1230
570,HC,143,1773
571,LE,143,136
572,O2,143,685
573,CO,144,1231
574,HC,144,1774
575,LE,144,137
576,O2,144,686
577,CO,145,1232
578,HC,145,1775
579,LE,145,138
580,O2,145,687
581,CO,146,1233
582,HC,146,1776
583,LE,146,139
584,O2,146,688
585,CO,147,1234
586,HC,147,1777
587,LE,147,140
588,O2,147,689
589,CO,148,1235
590,HC,148,1778
591,LE,148,141
592,O2,148,690
593,CO,149,
594,HC,149,
595,LE,149,
596,O2,149,
597,CO,150,1236
598,HC,150,1779
599,LE,150,142
600,O2,150,691
601,CO,151,1237
602,HC,151,1780
603,LE,151,143
604,O2,151,692
605,CO,152,1238
606,HC,152,1781
607,LE,152,144
608,O2,152,693
609,CO,153,1239
610,HC,153,1782
611,LE,153,145
612,O2,153,694
613,CO,154,1240
614,HC,154,1783
615,LE,154,146
616,O2,154,695
617,CO,155,1241
618,HC,155,1784
619,LE,155,147
620,O2,155,696
621,CO,156,2463
622,HC,156,2464
623,LE,156,2462
624,O2,156,697
625,CO,157,1243
626,HC,157,1786
627,LE,157,149
628,O2,157,698
629,CO,158,
630,HC,158,
631,LE,158,
632,O2,158,
633,CO,159,
634,HC,159,
635,LE,159,
636,O2,159,
637,CO,160,1244
638,HC,160,1787
639,LE,160,150
640,O2,160,699
641,CO,161,
642,HC,161,
643,LE,161,
644,O2,161,
645,CO,162,1245
646,HS,162,
647,LE,162,151
648,O2,162,700
649,CO,163,1246
650,HC,163,1788
651,LE,163,152
652,O2,163,701
653,CO,164,1247
654,HC,164,1789
655,LE,164,153
656,O2,164,702
657,CO,165,1248
658,HC,165,1790
659,LE,165,154
660,O2,165,703
661,CO,166,1249
662,HC,166,1791
663,LE,166,155
664,O2,166,704
665,CO,167,1250
666,HC,167,1792
667,LE,167,156
668,O2,167,705
669,CO,168,1251
670,HC,168,
671,LE,168,157
672,O2,168,706
673,CO,169,
674,HC,169,
675,LE,169,
676,O2,169,
677,CO,170,1252
678,HC,170,1793
679,LE,170,158
680,O2,170,707
681,CO,171,1253
682,HC,171,1794
683,LE,171,159
684,O2,171,708
685,CO,172,1254
686,HC,172,1795
687,LE,172,160
688,O2,172,709
689,CO,173,1255
690,HC,173,1796
691,LE,173,161
692,O2,173,710
693,CO,174,1256
694,HC,174,1797
695,LE,174,162
696,O2,174,711
697,CO,175,1257
698,HC,175,1798
699,LE,175,163
700,O2,175,712
701,CO,176,1258
702,HC,176,1799
703,LE,176,164
704,O2,176,713
705,CO,177,1259
706,HC,177,1800
707,LE,177,165
708,O2,177,714
709,CO,178,1260
710,HC,178,1801
711,LE,178,166
712,O2,178,715
713,CO,179,1261
714,HC,179,2446
715,LE,179,167
716,O2,179,2447
717,CO,180,1262
718,HC,180,1803
719,LE,180,168
720,O2,180,717
721,CO,181,1263
722,HC,181,1804
723,LE,181,169
724,O2,181,718
725,CO,182,1264
726,HC,182,1805
727,LE,182,170
728,O2,182,719
729,CO,183,1265
730,HC,183,1806
731,LE,183,171
732,O2,183,720
733,CO,184,1266
734,HC,184,1807
735,LE,184,172
736,O2,184,721
737,CO,185,1267
738,HC,185,1808
739,LE,185,173
740,O2,185,722
741,CO,186,1268
742,HC,186,1809
743,LE,186,174
744,O2,186,723
745,CO,187,1269
746,HC,187,1810
747,LE,187,175
748,O2,187,
749,CO,188,1270
750,HC,188,1811
751,LE,188,176
752,O2,188,724
753,CO,189,1271
754,HC,189,1812
755,LE,189,177
756,O2,189,725
757,CO,190,1272
758,HC,190,1813
759,LE,190,178
760,O2,190,726
761,CO,191,1273
762,HC,191,1814
763,LE,191,179
764,O2,191,727
765,CO,192,1274
766,HC,192,1815
767,LE,192,180
768,O2,192,728
769,CO,193,
770,HC,193,1816
771,LE,193,181
772,O2,193,
773,CO,194,
774,HC,194,
775,LE,194,
776,O2,194,
777,CO,195,1275
778,HC,195,1817
779,LE,195,182
780,O2,195,729
781,CO,196,1276
782,HC,196,1818
783,LE,196,183
784,O2,196,730
785,CO,197,1277
786,HC,197,1819
787,LE,197,184
788,O2,197,731
789,CO,198,1278
790,HC,198,1820
791,LE,198,185
792,O2,198,732
793,CO,199,1279
794,HC,199,1821
795,LE,199,186
796,O2,199,733
797,CO,200,1280
798,HC,200,1822
799,LE,200,187
800,O2,200,734
801,CO,201,1281
802,HC,201,1823
803,LE,201,188
804,O2,201,735
805,CO,202,1282
806,HC,202,1824
807,LE,202,189
808,O2,202,736
809,CO,203,1283
810,HC,203,1825
811,LE,203,
812,O2,203,737
813,CO,204,1284
814,HC,204,1826
815,LE,204,190
816,O2,204,738
817,CO,205,1285
818,HC,205,1827
819,LE,205,191
820,O2,205,739
821,CO,206,1286
822,HC,206,1828
823,LE,206,192
824,O2,206,740
825,CO,207,1287
826,HC,207,1829
827,LE,207,193
828,O2,207,741
829,CO,208,1288
830,HC,208,1830
831,LE,208,194
832,O2,208,742
833,CO,209,1289
834,HC,209,1831
835,LE,209,195
836,O2,209,743
837,CO,210,1290
838,HC,210,1832
839,LE,210,196
840,O2,210,744
841,CO,211,1291
842,HC,211,1833
843,LE,211,197
844,O2,211,745
845,CO,212,1292
846,HC,212,1834
847,LE,212,198
848,O2,212,746
849,CO,213,1293
850,HC,213,1835
851,LE,213,199
852,O2,213,747
853,CO,214,1294
854,HC,214,1836
855,LE,214,200
856,O2,214,748
857,CO,215,1295
858,HC,215,1837
859,LE,215,201
860,O2,215,749
861,CO,216,1296
862,HC,216,1838
863,LE,216,202
864,O2,216,750
865,CO,217,1297
866,HC,217,1839
867,LE,217,203
868,O2,217,751
869,CO,218,1298
870,HC,218,1840
871,LE,218,204
872,O2,218,752
873,CO,219,1299
874,HC,219,1841
875,LE,219,205
876,O2,219,753
877,CO,220,1300
878,HC,220,1842
879,LE,220,206
880,O2,220,754
881,CO,221,1301
882,HC,221,1843
883,LE,221,207
884,O2,221,755
885,CO,222,1302
886,HC,222,1844
887,LE,222,208
888,O2,222,756
889,CO,223,
890,HC,223,
891,LE,223,
892,O2,223,
893,CO,224,1303
894,HC,224,1845
895,LE,224,209
896,O2,224,757
897,CO,225,1304
898,HC,225,1846
899,LE,225,210
900,O2,225,758
901,CO,226,
902,HC,226,
903,LE,226,
904,O2,226,
905,CO,227,1305
906,HS,227,
907,LE,227,211
908,O2,227,759
909,CO,228,1306
910,HC,228,1847
911,LE,228,212
912,O2,228,760
913,CO,229,1307
914,HC,229,1848
915,LE,229,213
916,O2,229,761
917,CO,230,1308
918,HC,230,1849
919,LE,230,214
920,O2,230,762
921,CO,231,1309
922,HC,231,1850
923,LE,231,215
924,O2,231,763
925,CO,232,1310
926,HC,232,1851
927,LE,232,216
928,O2,232,764
929,CO,233,1311
930,HC,233,1852
931,LE,233,217
932,O2,233,765
933,CO,234,1312
934,HC,234,1853
935,LE,234,218
936,O2,234,766
937,CO,235,1313
938,HC,235,1854
939,LE,235,219
940,O2,235,767
941,CO,236,
942,HC,236,
943,LE,236,
944,O2,236,
945,CO,237,1314
946,HC,237,1855
947,LE,237,220
948,O2,237,768
949,CO,238,1315
950,HC,238,1856
951,LE,238,221
952,O2,238,769
953,CO,239,1316
954,HC,239,1857
955,LE,239,222
956,O2,239,
957,CO,240,1317
958,HC,240,1858
959,LE,240,223
960,O2,240,770
961,CO,241,1318
962,HC,241,1859
963,LE,241,224
964,O2,241,771
965,CO,242,1319
966,HC,242,1860
967,LE,242,225
968,O2,242,772
969,CO,243,1320
970,HC,243,1861
971,LE,243,226
972,O2,243,773
973,CO,244,1321
974,HC,244,1862
975,LE,244,227
976,O2,244,774
977,CO,245,1322
978,HC,245,1863
979,LE,245,228
980,O2,245,775
981,CO,246,1323
982,HC,246,1864
983,LE,246,229
984,O2,246,776
985,CO,247,1324
986,HC,247,1865
987,LE,247,230
988,O2,247,777
989,CO,248,1325
990,HC,248,1866
991,LE,248,231
992,O2,248,778
993,CO,249,1326
994,HC,249,1867
995,LE,249,232
996,O2,249,779
997,CO,250,
998,HC,250,
999,LE,250,
1000,O2,250,
1001,CO,251,1327
1002,HC,251,1868
1003,LE,251,233
1004,O2,251,780
1005,CO,252,1328
1006,HC,252,1869
1007,LE,252,234
1008,O2,252,781
1009,CO,253,
1010,HC,253,
1011,LE,253,
1012,O2,253,
1013,CO,254,1329
1014,HC,254,1870
1015,LE,254,235
1016,O2,254,782
1017,CO,255,1330
1018,HC,255,1871
1019,LE,255,236
1020,O2,255,783
1021,CO,256,1331
1022,HC,256,1872
1023,LE,256,237
1024,O2,256,784
1025,CO,257,1332
1026,HC,257,1873
1027,LE,257,238
1028,O2,257,785
1029,CO,258,1333
1030,HC,258,1874
1031,LE,258,239
1032,O2,258,786
1033,CO,259,1334
1034,HC,259,2492
1035,LE,259,240
1036,O2,259,787
1037,CO,260,
1038,HC,260,
1039,LE,260,
1040,O2,260,
1041,CO,261,1335
1042,HS,261,2126
1043,LE,261,241
1044,O2,261,788
1045,CO,262,1336
1046,HC,262,1876
1047,LE,262,242
1048,O2,262,789
1049,CO,263,
1050,HC,263,
1051,LE,263,
1052,O2,263,
1053,CO,264,1337
1054,HC,264,1877
1055,LE,264,243
1056,O2,264,790
1057,CO,265,1338
1058,HC,265,1878
1059,LE,265,244
1060,O2,265,791
1061,CO,266,
1062,HC,266,1879
1063,LE,266,245
1064,O2,266,792
1065,CO,267,
1066,HC,267,
1067,LE,267,
1068,O2,267,
1069,CO,268,1339
1070,HC,268,
1071,LE,268,246
1072,O2,268,793
1073,CO,269,1340
1074,HC,269,1880
1075,LE,269,247
1076,O2,269,794
1077,CO,270,1341
1078,HC,270,1881
1079,LE,270,248
1080,O2,270,795
1081,CO,271,1342
1082,HC,271,1882
1083,LE,271,249
1084,O2,271,796
1085,CO,272,1343
1086,HS,272,
1087,LE,272,250
1088,O2,272,797
1089,CO,273,1344
1090,HC,273,1883
1091,LE,273,251
1092,O2,273,798
1093,CO,274,1345
1094,HC,274,1884
1095,LE,274,252
1096,O2,274,799
1097,CO,275,
1098,HC,275,
1099,LE,275,
1100,O2,275,
1101,CO,276,1346
1102,HC,276,1885
1103,LE,276,253
1104,O2,276,800
1105,CO,277,1347
1106,HC,277,
1107,LE,277,254
1108,O2,277,801
1109,CO,278,1348
1110,HC,278,1886
1111,LE,278,255
1112,O2,278,802
1113,CO,279,1349
1114,HC,279,1887
1115,LE,279,256
1116,O2,279,803
1117,CO,280,1350
1118,HC,280,1888
1119,LE,280,257
1120,O2,280,804
1121,CO,281,1351
1122,HC,281,1889
1123,LE,281,258
1124,O2,281,805
1125,CO,282,
1126,HC,282,
1127,LE,282,
1128,O2,282,
1129,CO,283,
1130,HS,283,
1131,LE,283,
1132,O2,283,
1133,CO,284,1352
1134,HC,284,1890
1135,LE,284,259
1136,O2,284,806
1137,CO,285,
1138,HC,285,
1139,LE,285,
1140,O2,285,
1141,CO,286,1353
1142,HC,286,1891
1143,LE,286,260
1144,O2,286,807
1145,CO,287,1354
1146,HC,287,1892
1147,LE,287,261
1148,O2,287,808
1149,CO,288,1355
1150,HS,288,2128
1151,LE,288,262
1152,O2,288,809
1153,CO,289,1356
1154,HC,289,1893
1155,LE,289,263
1156,O2,289,810
1157,CO,290,1357
1158,HC,290,1894
1159,LE,290,264
1160,O2,290,811
1161,CO,291,1358
1162,HC,291,1895
1163,LE,291,265
1164,O2,291,812
1165,CO,292,1359
1166,HC,292,1896
1167,LE,292,266
1168,O2,292,813
1169,CO,293,1360
1170,HC,293,1897
1171,LE,293,267
1172,O2,293,814
1173,CO,294,1361
1174,HC,294,1898
1175,LE,294,268
1176,O2,294,
1177,CO,295,1362
1178,HC,295,1899
1179,LE,295,269
1180,O2,295,815
1181,CO,296,1363
1182,HC,296,1900
1183,LE,296,270
1184,O2,296,816
1185,CO,297,1364
1186,HC,297,1901
1187,LE,297,271
1188,O2,297,817
1189,CO,298,1365
1190,HC,298,1902
1191,LE,298,272
1192,O2,298,818
1193,CO,299,1366
1194,HC,299,1903
1195,LE,299,273
1196,O2,299,819
1197,CO,300,1367
1198,HC,300,1904
1199,LE,300,274
1200,O2,300,820
1201,CO,301,1368
1202,HC,301,1905
1203,LE,301,275
1204,O2,301,821
1205,CO,302,1369
1206,HC,302,1906
1207,LE,302,276
1208,O2,302,822
1209,CO,303,1370
1210,HC,303,1907
1211,LE,303,277
1212,O2,303,823
1213,CO,304,1371
1214,HC,304,1908
1215,LE,304,278
1216,O2,304,824
1217,CO,305,1372
1218,HC,305,1909
1219,LE,305,279
1220,O2,305,825
1221,CO,306,1373
1222,HC,306,1910
1223,LE,306,280
1224,O2,306,826
1225,CO,307,1374
1226,HC,307,1911
1227,LE,307,281
1228,O2,307,827
1229,CO,308,1375
1230,HC,308,1912
1231,LE,308,282
1232,O2,308,828
1233,CO,309,2469
1234,HC,309,2470
1235,LE,309,2468
1236,O2,309,829
1237,CO,310,
1238,HC,310,
1239,LE,310,
1240,O2,310,
1241,CO,311,1377
1242,HC,311,1914
1243,LE,311,284
1244,O2,311,830
1245,CO,312,
1246,HC,312,1915
1247,LE,312,285
1248,O2,312,831
1249,CO,313,1378
1250,HC,313,1916
1251,LE,313,286
1252,O2,313,832
1253,CO,314,
1254,HC,314,
1255,LE,314,
1256,O2,314,
1257,CO,315,1379
1258,HC,315,1917
1259,LE,315,287
1260,O2,315,833
1261,CO,316,1380
1262,HC,316,1918
1263,LE,316,288
1264,O2,316,834
1265,CO,317,1381
1266,HC,317,1919
1267,LE,317,289
1268,O2,317,835
1269,CO,318,1382
1270,HC,318,1920
1271,LE,318,290
1272,O2,318,836
1273,CO,319,1383
1274,HC,319,1921
1275,LE,319,291
1276,O2,319,837
1277,CO,320,1384
1278,HC,320,1922
1279,LE,320,292
1280,O2,320,838
1281,CO,321,1385
1282,HC,321,1923
1283,LE,321,293
1284,O2,321,839
1285,CO,322,1386
1286,HC,322,1924
1287,LE,322,294
1288,O2,322,840
1289,CO,323,1387
1290,HC,323,1925
1291,LE,323,295
1292,O2,323,841
1293,CO,324,1388
1294,HC,324,
1295,LE,324,296
1296,O2,324,842
1297,CO,325,1389
1298,HC,325,1926
1299,LE,325,297
1300,O2,325,843
1301,CO,326,1390
1302,HC,326,1927
1303,LE,326,298
1304,O2,326,844
1305,CO,327,1391
1306,HC,327,1928
1307,LE,327,299
1308,O2,327,845
1309,CO,328,1392
1310,HC,328,1929
1311,LE,328,300
1312,O2,328,846
1313,CO,329,1393
1314,HC,329,
1315,LE,329,301
1316,O2,329,847
1317,CO,330,
1318,HC,330,
1319,LE,330,
1320,O2,330,
1321,CO,331,1394
1322,HC,331,1930
1323,LE,331,302
1324,O2,331,848
1325,CO,332,1395
1326,HC,332,1931
1327,LE,332,303
1328,O2,332,849
1329,CO,333,1396
1330,HC,333,1932
1331,LE,333,304
1332,O2,333,850
1333,CO,334,1397
1334,HC,334,1933
1335,LE,334,305
1336,O2,334,851
1337,CO,335,1398
1338,HC,335,1934
1339,LE,335,306
1340,O2,335,852
1341,CO,336,1399
1342,HC,336,1935
1343,LE,336,307
1344,O2,336,853
1345,CO,337,1400
1346,HC,337,1936
1347,LE,337,308
1348,O2,337,854
1349,CO,338,1401
1350,HC,338,1937
1351,LE,338,309
1352,O2,338,855
1353,CO,339,1402
1354,HC,339,1938
1355,LE,339,310
1356,O2,339,856
1357,CO,340,1403
1358,HC,340,1939
1359,LE,340,311
1360,O2,340,857
1361,CO,341,
1362,HC,341,1940
1363,LE,341,
1364,O2,341,858
1365,CO,342,1404
1366,HC,342,1941
1367,LE,342,312
1368,O2,342,859
1369,CO,343,1405
1370,HS,343,2129
1371,LE,343,313
1372,O2,343,860
1373,CO,344,1406
1374,HC,344,1942
1375,LE,344,314
1376,O2,344,861
1377,CO,345,1407
1378,HC,345,1943
1379,LE,345,315
1380,O2,345,862
1381,CO,346,1408
1382,HC,346,1944
1383,LE,346,316
1384,O2,346,863
1385,CO,347,1409
1386,HC,347,1945
1387,LE,347,317
1388,O2,347,864
1389,CO,348,1410
1390,HC,348,1946
1391,LE,348,318
1392,O2,348,865
1393,CO,349,
1394,HC,349,1947
1395,LE,349,319
1396,O2,349,866
1397,CO,350,1411
1398,HC,350,1948
1399,LE,350,320
1400,O2,350,867
1401,CO,351,1412
1402,HC,351,1949
1403,LE,351,321
1404,O2,351,868
1405,CO,352,1413
1406,HC,352,1950
1407,LE,352,322
1408,O2,352,869
1409,CO,353,1414
1410,HC,353,1951
1411,LE,353,323
1412,O2,353,870
1413,CO,354,1415
1414,HC,354,1952
1415,LE,354,324
1416,O2,354,871
1417,CO,355,1416
1418,HC,355,1953
1419,LE,355,325
1420,O2,355,872
1421,CO,356,1417
1422,HC,356,1954
1423,LE,356,326
1424,O2,356,873
1425,CO,357,1418
1426,HC,357,
1427,LE,357,327
1428,O2,357,874
1429,CO,358,1419
1430,HC,358,1955
1431,LE,358,328
1432,O2,358,875
1433,CO,359,1420
1434,HC,359,1956
1435,LE,359,329
1436,O2,359,876
1437,CO,360,1421
1438,HC,360,1957
1439,LE,360,330
1440,O2,360,877
1441,CO,361,1422
1442,HC,361,1958
1443,LE,361,331
1444,O2,361,878
1445,CO,362,1423
1446,HC,362,1959
1447,LE,362,332
1448,O2,362,879
1449,CO,363,1424
1450,HC,363,1960
1451,LE,363,333
1452,O2,363,880
1453,CO,364,1425
1454,HC,364,1961
1455,LE,364,334
1456,O2,364,881
1457,CO,365,1426
1458,HC,365,1962
1459,LE,365,335
1460,O2,365,882
1461,CO,366,1427
1462,HC,366,1963
1463,LE,366,336
1464,O2,366,883
1465,CO,367,1428
1466,HC,367,1964
1467,LE,367,337
1468,O2,367,884
1469,CO,368,1429
1470,HC,368,1965
1471,LE,368,338
1472,O2,368,885
1473,CO,369,1430
1474,HC,369,1966
1475,LE,369,339
1476,O2,369,886
1477,CO,370,1431
1478,HC,370,1967
1479,LE,370,340
1480,O2,370,887
1481,CO,371,1432
1482,HC,371,1968
1483,LE,371,341
1484,O2,371,888
1485,CO,372,1433
1486,HC,372,1969
1487,LE,372,342
1488,O2,372,889
1489,CO,373,1434
1490,HC,373,1970
1491,LE,373,343
1492,O2,373,890
1493,CO,374,1435
1494,HC,374,1971
1495,LE,374,344
1496,O2,374,891
1497,CO,375,1436
1498,HC,375,1972
1499,LE,375,345
1500,O2,375,892
1501,CO,376,1437
1502,HS,376,
1503,LE,376,346
1504,O2,376,893
1505,CO,377,1438
1506,HC,377,1973
1507,LE,377,347
1508,O2,377,894
1509,CO,378,1439
1510,HC,378,1974
1511,LE,378,348
1512,O2,378,895
1513,CO,379,
1514,HC,379,
1515,LE,379,
1516,O2,379,
1517,CO,380,1440
1518,HC,380,1975
1519,LE,380,349
1520,O2,380,896
1521,CO,381,1441
1522,HC,381,1976
1523,LE,381,350
1524,O2,381,897
1525,CO,382,1442
1526,HC,382,1977
1527,LE,382,351
1528,O2,382,898
1529,CO,383,1443
1530,HC,383,1978
1531,LE,383,352
1532,O2,383,899
1533,CO,384,1444
1534,HC,384,1979
1535,LE,384,353
1536,O2,384,900
1537,CO,385,1445
1538,HC,385,1980
1539,LE,385,354
1540,O2,385,901
1541,CO,386,1446
1542,HC,386,1981
1543,LE,386,355
1544,O2,386,902
1545,CO,387,1447
1546,HC,387,1982
1547,LE,387,356
1548,O2,387,903
1549,CO,388,1448
1550,HC,388,1983
1551,LE,388,357
1552,O2,388,904
1553,CO,389,1449
1554,HC,389,1984
1555,LE,389,358
1556,O2,389,905
1557,CO,390,2485
1558,HC,390,2486
1559,LE,390,2484
1560,O2,390,906
1561,CO,391,1451
1562,HC,391,1986
1563,LE,391,360
1564,O2,391,907
1565,CO,392,1452
1566,HC,392,1987
1567,LE,392,361
1568,O2,392,908
1569,CO,393,1453
1570,HC,393,1988
1571,LE,393,362
1572,O2,393,909
1573,CO,394,1454
1574,HC,394,1989
1575,LE,394,363
1576,O2,394,910
1577,CO,395,1455
1578,HC,395,1990
1579,LE,395,364
1580,O2,395,911
1581,CO,396,1456
1582,HC,396,1991
1583,LE,396,365
1584,O2,396,912
1585,CO,397,1457
1586,HC,397,1992
1587,LE,397,366
1588,O2,397,913
1589,CO,398,1458
1590,HC,398,1993
1591,LE,398,367
1592,O2,398,914
1593,CO,399,2461
1594,HC,399,2439
1595,LE,399,2460
1596,O2,399,915
1597,CO,400,1460
1598,HC,400,1995
1599,LE,400,369
1600,O2,400,916
1601,CO,401,1461
1602,HC,401,1996
1603,LE,401,370
1604,O2,401,917
1605,CO,402,1462
1606,HC,402,1997
1607,LE,402,371
1608,O2,402,918
1609,CO,403,1463
1610,HC,403,1998
1611,LE,403,372
1612,O2,403,919
1613,CO,404,1464
1614,HC,404,1999
1615,LE,404,373
1616,O2,404,920
1617,CO,405,2434
1618,HC,405,2452
1619,LE,405,2459
1620,O2,405,921
1621,CO,406,1466
1622,HC,406,2001
1623,LE,406,375
1624,O2,406,922
1625,CO,407,1467
1626,HC,407,2002
1627,LE,407,376
1628,O2,407,923
1629,CO,408,1468
1630,HC,408,2003
1631,LE,408,377
1632,O2,408,924
1633,CO,409,1469
1634,HC,409,2004
1635,LE,409,378
1636,O2,409,925
1637,CO,410,1470
1638,HC,410,2005
1639,LE,410,379
1640,O2,410,
1641,CO,411,1471
1642,HC,411,2006
1643,LE,411,380
1644,O2,411,926
1645,CO,412,1472
1646,HC,412,2007
1647,LE,412,381
1648,O2,412,927
1649,CO,413,1473
1650,HC,413,2008
1651,LE,413,382
1652,O2,413,928
1653,CO,414,2450
1654,HS,414,2131
1655,LE,414,383
1656,O2,414,929
1657,CO,415,1475
1658,HS,415,2132
1659,LE,415,384
1660,O2,415,930
1661,CO,416,1476
1662,HS,416,2133
1663,LE,416,385
1664,O2,416,931
1665,CO,417,1477
1666,HS,417,2134
1667,LE,417,386
1668,O2,417,932
1669,CO,418,1478
1670,HS,418,2135
1671,LE,418,387
1672,O2,418,933
1673,CO,419,1479
1674,HS,419,2136
1675,LE,419,388
1676,O2,419,934
1677,CO,420,1480
1678,HS,420,2137
1679,LE,420,389
1680,O2,420,935
1681,CO,421,1481
1682,HS,421,2138
1683,LE,421,390
1684,O2,421,936
1685,CO,422,1482
1686,HS,422,2139
1687,LE,422,391
1688,O2,422,937
1689,CO,423,1483
1690,HS,423,2140
1691,LE,423,392
1692,O2,423,938
1693,CO,424,1484
1694,HS,424,2141
1695,LE,424,393
1696,O2,424,939
1697,CO,425,1485
1698,HS,425,2142
1699,LE,425,394
1700,O2,425,940
1701,CO,426,1486
1702,HS,426,2143
1703,LE,426,395
1704,O2,426,941
1705,CO,427,1487
1706,HS,427,2144
1707,LE,427,396
1708,O2,427,942
1709,CO,428,1488
1710,HS,428,2145
1711,LE,428,397
1712,O2,428,943
1713,CO,429,1489
1714,HS,429,2146
1715,LE,429,398
1716,O2,429,944
1717,CO,430,1490
1718,HC,430,2009
1719,LE,430,399
1720,O2,430,945
1721,CO,431,1491
1722,HC,431,2010
1723,LE,431,400
1724,O2,431,946
1725,CO,432,1492
1726,HC,432,2011
1727,LE,432,401
1728,O2,432,947
1729,CO,433,
1730,HC,433,2012
1731,LE,433,402
1732,O2,433,948
1733,CO,434,1493
1734,HC,434,2013
1735,LE,434,403
1736,O2,434,949
1737,CO,435,1494
1738,HS,435,2483
1739,LE,435,404
1740,O2,435,2480
1741,CO,436,1495
1742,HS,436,2482
1743,LE,436,405
1744,O2,436,2481
1745,CO,437,1496
1746,HS,437,
1747,LE,437,406
1748,O2,437,952
1749,CO,438,1497
1750,HS,438,
1751,LE,438,407
1752,O2,438,953
1753,CO,439,1498
1754,HC,439,2014
1755,LE,439,408
1756,O2,439,954
1757,CO,440,1499
1758,HC,440,2015
1759,LE,440,409
1760,O2,440,955
1761,CO,441,1500
1762,HC,441,2016
1763,LE,441,410
1764,O2,441,956
1765,CO,442,1501
1766,HC,442,2017
1767,LE,442,
1768,O2,442,957
1769,CO,443,1502
1770,HC,443,2018
1771,LE,443,411
1772,O2,443,958
1773,CO,444,1503
1774,HC,444,2019
1775,LE,444,412
1776,O2,444,959
1777,CO,445,1504
1778,HC,445,2020
1779,LE,445,413
1780,O2,445,960
1781,CO,446,1505
1782,HC,446,2021
1783,LE,446,414
1784,O2,446,961
1785,CO,447,1506
1786,HC,447,2022
1787,LE,447,415
1788,O2,447,962
1789,CO,448,1507
1790,HC,448,2023
1791,LE,448,416
1792,O2,448,963
1793,CO,449,1508
1794,HC,449,2024
1795,LE,449,417
1796,O2,449,964
1797,CO,450,1509
1798,HC,450,2025
1799,LE,450,418
1800,O2,450,965
1801,CO,451,1510
1802,HC,451,2026
1803,LE,451,419
1804,O2,451,966
1805,CO,452,1511
1806,HC,452,2027
1807,LE,452,420
1808,O2,452,967
1809,CO,453,1512
1810,HC,453,2028
1811,LE,453,421
1812,O2,453,968
1813,CO,454,1513
1814,HC,454,2029
1815,LE,454,422
1816,O2,454,969
1817,CO,455,1514
1818,HC,455,2030
1819,LE,455,423
1820,O2,455,970
1821,CO,456,1515
1822,HC,456,2031
1823,LE,456,424
1824,O2,456,971
1825,CO,457,1516
1826,HC,457,2032
1827,LE,457,425
1828,O2,457,972
1829,CO,458,1517
1830,HC,458,2033
1831,LE,458,426
1832,O2,458,973
1833,CO,459,1518
1834,HC,459,2034
1835,LE,459,427
1836,O2,459,974
1837,CO,460,1519
1838,HC,460,2035
1839,LE,460,428
1840,O2,460,975
1841,CO,461,1520
1842,HC,461,2036
1843,LE,461,429
1844,O2,461,976
1845,CO,462,1521
1846,HC,462,
1847,LE,462,430
1848,O2,462,977
1849,CO,463,1522
1850,HC,463,2037
1851,LE,463,431
1852,O2,463,978
1853,CO,464,1523
1854,HC,464,2038
1855,LE,464,432
1856,O2,464,979
1857,CO,465,1524
1858,HC,465,2039
1859,LE,465,433
1860,O2,465,980
1861,CO,466,1525
1862,HC,466,2040
1863,LE,466,434
1864,O2,466,981
1865,CO,467,1526
1866,HC,467,2448
1867,LE,467,435
1868,O2,467,2449
1869,CO,468,1527
1870,HC,468,2041
1871,LE,468,436
1872,O2,468,983
1873,CO,469,1528
1874,HC,469,2042
1875,LE,469,437
1876,O2,469,984
1877,CO,470,1529
1878,HC,470,2043
1879,LE,470,438
1880,O2,470,985
1881,CO,471,1530
1882,HC,471,2044
1883,LE,471,439
1884,O2,471,986
1885,CO,472,1531
1886,HC,472,2045
1887,LE,472,440
1888,O2,472,987
1889,CO,473,1532
1890,HC,473,2046
1891,LE,473,441
1892,O2,473,988
1893,CO,474,1533
1894,HC,474,2047
1895,LE,474,442
1896,O2,474,989
1897,CO,475,1534
1898,HC,475,2048
1899,LE,475,443
1900,O2,475,990
1901,CO,476,1535
1902,HC,476,2049
1903,LE,476,444
1904,O2,476,991
1905,CO,477,1536
1906,HS,477,2148
1907,LE,477,445
1908,O2,477,992
1909,CO,478,1537
1910,HC,478,2050
1911,LE,478,446
1912,O2,478,993
1913,CO,479,1538
1914,HC,479,2051
1915,LE,479,447
1916,O2,479,994
1917,CO,480,1539
1918,HC,480,2052
1919,LE,480,448
1920,O2,480,995
1921,CO,481,1540
1922,HC,481,2053
1923,LE,481,449
1924,O2,481,996
1925,CO,482,1541
1926,HC,482,2054
1927,LE,482,450
1928,O2,482,997
1929,CO,483,1542
1930,HC,483,2055
1931,LE,483,451
1932,O2,483,998
1933,CO,484,
1934,HC,484,
1935,LE,484,
1936,O2,484,
1937,CO,485,1543
1938,HC,485,2056
1939,LE,485,452
1940,O2,485,999
1941,CO,486,
1942,HC,486,
1943,LE,486,
1944,O2,486,
1945,CO,487,1544
1946,HC,487,2057
1947,LE,487,453
1948,O2,487,1000
1949,CO,488,1545
1950,HC,488,2058
1951,LE,488,454
1952,O2,488,1001
1953,CO,489,1546
1954,HC,489,2059
1955,LE,489,455
1956,O2,489,1002
1957,CO,490,1547
1958,HC,490,2060
1959,LE,490,456
1960,O2,490,1003
1961,CO,491,1548
1962,HC,491,2061
1963,LE,491,457
1964,O2,491,1004
1965,CO,492,1549
1966,HC,492,2062
1967,LE,492,458
1968,O2,492,1005
1969,CO,493,1550
1970,HC,493,2063
1971,LE,493,459
1972,O2,493,1006
1973,CO,494,1551
1974,HC,494,2064
1975,LE,494,460
1976,O2,494,1007
1977,CO,495,1552
1978,HC,495,2065
1979,LE,495,461
1980,O2,495,1008
1981,CO,496,1553
1982,HC,496,2066
1983,LE,496,462
1984,O2,496,1009
1985,CO,497,1554
1986,HC,497,2067
1987,LE,497,463
1988,O2,497,1010
1989,CO,498,1555
1990,HC,498,2068
1991,LE,498,464
1992,O2,498,1011
1993,CO,499,1556
1994,HC,499,2069
1995,LE,499,465
1996,O2,499,1012
1997,CO,500,1557
1998,HC,500,2070
1999,LE,500,466
2000,O2,500,1013
2001,CO,501,1558
2002,HC,501,2071
2003,LE,501,467
2004,O2,501,1014
2005,CO,502,1559
2006,HC,502,2072
2007,LE,502,468
2008,O2,502,1015
2009,CO,503,1560
2010,HC,503,2073
2011,LE,503,469
2012,O2,503,1016
2013,CO,504,1561
2014,HC,504,2074
2015,LE,504,470
2016,O2,504,1017
2017,CO,505,1562
2018,HC,505,2075
2019,LE,505,471
2020,O2,505,1018
2021,CO,506,1563
2022,HC,506,2076
2023,LE,506,472
2024,O2,506,1019
2025,CO,507,1564
2026,HC,507,2077
2027,LE,507,473
2028,O2,507,1020
2029,CO,508,1565
2030,HC,508,2078
2031,LE,508,474
2032,O2,508,1021
2033,CO,509,1566
2034,HC,509,2079
2035,LE,509,475
2036,O2,509,1022
2037,CO,510,1567
2038,HC,510,2080
2039,LE,510,476
2040,O2,510,1023
2041,CO,511,1568
2042,HC,511,2081
2043,LE,511,477
2044,O2,511,1024
2045,CO,512,
2046,HC,512,
2047,LE,512,478
2048,O2,512,
2049,CO,513,1569
2050,HC,513,2082
2051,LE,513,479
2052,O2,513,1025
2053,CO,514,1570
2054,HC,514,2083
2055,LE,514,480
2056,O2,514,1026
2057,CO,515,1571
2058,HC,515,2084
2059,LE,515,481
2060,O2,515,1027
2061,CO,516,1572
2062,HC,516,2085
2063,LE,516,482
2064,O2,516,1028
2065,CO,517,1573
2066,HC,517,2086
2067,LE,517,483
2068,O2,517,1029
2069,CO,518,1574
2070,HC,518,2087
2071,LE,518,484
2072,O2,518,1030
2073,CO,519,1575
2074,HC,519,2088
2075,LE,519,485
2076,O2,519,1031
2077,CO,520,1576
2078,HC,520,2089
2079,LE,520,486
2080,O2,520,1032
2081,CO,521,1577
2082,HC,521,2090
2083,LE,521,487
2084,O2,521,1033
2085,CO,522,1578
2086,HC,522,2091
2087,LE,522,488
2088,O2,522,1034
2089,CO,523,1579
2090,HC,523,2092
2091,LE,523,489
2092,O2,523,1035
2093,CO,524,1580
2094,HS,524,2149
2095,LE,524,490
2096,O2,524,1036
2097,CO,525,1581
2098,HC,525,2093
2099,LE,525,491
2100,O2,525,1037
2101,CO,526,1582
2102,HC,526,2094
2103,LE,526,492
2104,O2,526,1038
2105,CO,527,1583
2106,HC,527,2095
2107,LE,527,493
2108,O2,527,
2109,CO,528,1584
2110,HC,528,2096
2111,LE,528,494
2112,O2,528,1039
2113,CO,529,1585
2114,HC,529,2097
2115,LE,529,495
2116,O2,529,1040
2117,CO,530,1586
2118,HC,530,2098
2119,LE,530,496
2120,O2,530,1041
2121,CO,531,1587
2122,HC,531,2099
2123,LE,531,497
2124,O2,531,1042
2125,CO,532,1588
2126,HC,532,2100
2127,LE,532,498
2128,O2,532,1043
2129,CO,533,1589
2130,HC,533,2101
2131,LE,533,499
2132,O2,533,1044
2133,CO,534,1590
2134,HC,534,2102
2135,LE,534,500
2136,O2,534,1045
2137,CO,535,
2138,HC,535,2103
2139,LE,535,501
2140,O2,535,1046
2141,CO,536,1591
2142,HC,536,2104
2143,LE,536,502
2144,O2,536,1047
2145,CO,537,1592
2146,HC,537,2105
2147,LE,537,503
2148,O2,537,
2149,CO,538,1593
2150,HC,538,2106
2151,LE,538,
2152,O2,538,1048
2153,CO,539,1594
2154,HC,539,2107
2155,LE,539,504
2156,O2,539,1049
2157,CO,540,1595
2158,HC,540,2108
2159,LE,540,505
2160,O2,540,
2161,CO,541,1596
2162,HC,541,2109
2163,LE,541,506
2164,O2,541,1050
2165,CO,542,1597
2166,HC,542,2110
2167,LE,542,507
2168,O2,542,1051
2169,CO,543,1598
2170,HC,543,2111
2171,LE,543,508
2172,O2,543,1052
2173,CO,544,1599
2174,HC,544,2112
2175,LE,544,509
2176,O2,544,1053
2177,CO,545,1600
2178,HC,545,2113
2179,LE,545,510
2180,O2,545,1054
2181,CO,546,1601
2182,HC,546,2114
2183,LE,546,511
2184,O2,546,1055
2185,CO,547,1602
2186,HC,547,2115
2187,LE,547,512
2188,O2,547,1056
2189,CO,548,1603
2190,HC,548,2116
2191,LE,548,513
2192,O2,548,1057
2193,CO,549,1604
2194,HC,549,2117
2195,LE,549,514
2196,O2,549,1058
2197,CO,550,1605
2198,HS,550,2150
2199,LE,550,515
2200,O2,550,1059
2201,CO,551,1606
2202,HS,551,2151
2203,LE,551,516
2204,O2,551,1060
2205,CO,552,1607
2206,HS,552,2152
2207,LE,552,517
2208,O2,552,1061
2209,CO,553,1608
2210,HS,553,2153
2211,LE,553,518
2212,O2,553,1062
2213,CO,554,1609
2214,HS,554,2154
2215,LE,554,519
2216,O2,554,1063
2217,CO,555,1610
2218,HS,555,2155
2219,LE,555,520
2220,O2,555,1064
2221,CO,556,1611
2222,HS,556,2156
2223,LE,556,521
2224,O2,556,1065
2225,CO,557,1612
2226,HS,557,2157
2227,LE,557,522
2228,O2,557,1066
2229,CO,558,1613
2230,HS,558,2158
2231,LE,558,523
2232,O2,558,1067
2233,CO,559,1614
2234,HS,559,2159
2235,LE,559,524
2236,O2,559,1068
2237,CO,560,1615
2238,HS,560,2160
2239,LE,560,525
2240,O2,560,1069
2241,CO,561,1616
2242,HS,561,2161
2243,LE,561,526
2244,O2,561,1070
2245,CO,562,1617
2246,HC,562,2118
2247,LE,562,527
2248,O2,562,1071
2249,CO,563,1618
2250,HC,563,2119
2251,LE,563,528
2252,O2,563,1072
2253,CO,564,1619
2254,HS,564,2162
2255,LE,564,529
2256,O2,564,1073
2257,CO,565,1620
2258,HS,565,2163
2259,LE,565,530
2260,O2,565,2451
2261,CO,566,1621
2262,HS,566,2164
2263,LE,566,531
2264,O2,566,1075
2265,CO,567,1622
2266,HS,567,2165
2267,LE,567,532
2268,O2,567,1076
2269,CO,568,1623
2270,HS,568,2166
2271,LE,568,533
2272,O2,568,1077
2273,CO,569,1624
2274,HS,569,2167
2275,LE,569,534
2276,O2,569,1078
2277,CO,570,1625
2278,HS,570,2168
2279,LE,570,535
2280,O2,570,1079
2281,CO,571,2438
2283,LE,571,2436
2284,O2,571,2437
2285,CO,572,1626
2286,HS,572,2169
2287,LE,572,536
2288,O2,572,1080
2289,CO,573,1627
2290,HS,573,2170
2291,LE,573,537
2292,O2,573,1081
2293,CO,574,1628
2294,HS,574,2171
2295,LE,574,538
2296,O2,574,1082
2297,CO,575,1629
2298,HS,575,2172
2299,LE,575,539
2300,O2,575,1083
2301,CO,576,1630
2302,HS,576,2173
2303,LE,576,540
2304,O2,576,2479
2305,CO,577,1631
2306,HS,577,2174
2307,LE,577,541
2308,O2,577,1085
2309,CO,578,1632
2310,HS,578,2175
2311,LE,578,542
2312,O2,578,1086
2313,CO,579,1633
2314,HS,579,2176
2315,LE,579,543
2316,O2,579,1087
2317,CO,580,1634
2318,HS,580,2177
2319,LE,580,544
2320,O2,580,1088
2321,CO,581,1635
2322,HC,581,2120
2323,LE,581,545
2324,O2,581,1089
2325,CO,582,1636
2326,HC,582,2121
2327,LE,582,546
2328,O2,582,1090
2329,CO,583,2456
2330,HC,583,2454
2331,LE,583,2455
2332,O2,583,1091
2333,CO,584,1638
2334,HC,584,
2335,LE,584,548
2336,O2,584,1092
2337,CO,585,1639
2338,HS,585,2178
2339,LE,585,549
2340,O2,585,1093
2341,CO,586,1640
2342,HC,586,
2343,LE,586,550
2344,O2,586,1094
2345,CO,587,2202
2346,HS,587,2212
2347,LE,587,2180
2348,O2,587,2191
2349,CO,588,2203
2350,HS,588,2213
2351,LE,588,2181
2352,O2,588,2192
2353,CO,589,2204
2354,HS,589,2214
2355,LE,589,2182
2356,O2,589,2193
2357,CO,590,2205
2358,HS,590,2215
2359,LE,590,2183
2360,O2,590,2194
2361,CO,591,2206
2362,HS,591,2216
2363,LE,591,2184
2364,O2,591,2195
2365,CO,592,
2366,HS,592,
2367,LE,592,
2368,O2,592,
2369,CO,593,2207
2370,HS,593,2217
2371,LE,593,2185
2372,O2,593,2196
2373,CO,594,2208
2374,HS,594,2218
2375,LE,594,2186
2376,O2,594,2197
2377,CO,595,2209
2378,HS,595,2219
2379,LE,595,2187
2380,O2,595,2198
2381,CO,596,
2382,HS,596,
2383,LE,596,
2384,O2,596,
2385,CO,597,2210
2386,HS,597,2220
2387,LE,597,2188
2388,O2,597,2199
2389,CO,598,2211
2390,HS,598,2221
2391,LE,598,2189
2392,O2,598,2200
2393,CO,599,
2394,HS,599,
2395,LE,599,
2396,O2,599,
2397,CO,600,
2398,HS,600,
2399,LE,600,
2400,O2,600,
2401,CO,601,
2402,HS,601,
2403,LE,601,
2404,O2,601,
2405,CO,602,
2406,HS,602,
2407,LE,602,2190
2408,O2,602,2201
2409,CO,603,
2410,HS,603,
2411,LE,603,
2412,O2,603,
2413,CO,604,
2414,HS,604,
2415,LE,604,
2416,O2,604,
2417,CO,605,
2418,HS,605,
2419,LE,605,
2420,O2,605,
2421,CO,606,
2422,CL,606,2241
2423,NO,606,
2424,SO,606,
2425,LE,606,2222
2426,O2,606,2227
2427,CO,607,
2428,CL,607,2242
2429,NO,607,
2430,SO,607,
2431,LE,607,2223
2432,O2,607,2228
2433,CO,608,
2434,CL,608,2243
2435,NO,608,
2436,SO,608,
2437,LE,608,2224
2438,O2,608,
2439,CO,609,
2440,CL,609,2431
2441,NO,609,
2442,SO,609,
2443,LE,609,2432
2444,O2,609,2430
2445,CO,610,
2446,CL,610,2245
2447,NO,610,
2448,SO,610,
2449,LE,610,2226
2450,O2,610,2230
2451,CO,611,
2452,HC,611,2270
2453,NH,611,
2454,PH,611,
2455,LE,611,2246
2456,O2,611,2252
2457,CO,612,
2458,HC,612,2271
2459,NH,612,
2460,PH,612,
2461,LE,612,2247
2462,O2,612,2253
2463,CO,613,
2464,HC,613,2272
2465,NH,613,
2466,PH,613,
2467,LE,613,2248
2468,O2,613,2254
2469,CO,614,
2470,HC,614,2493
2471,NH,614,
2472,PH,614,
2473,LE,614,2249
2474,O2,614,2494
2475,CO,615,
2476,HC,615,2274
2477,NH,615,
2478,PH,615,
2479,LE,615,2500
2480,O2,615,2256
2481,CO,616,
2482,HC,616,2275
2483,NH,616,
2484,PH,616,
2485,LE,616,2251
2486,O2,616,2257
2487,CO,617,2286
2488,VO,617,2295
2489,HS,617,2290
2490,LE,617,2276
2491,O2,617,2281
2492,CO,618,
2493,VO,618,2296
2494,HS,618,
2495,LE,618,2277
2496,O2,618,2282
2497,CO,619,2287
2498,VO,619,2297
2499,HS,619,2291
2500,LE,619,2278
2501,O2,619,2283
2502,CO,620,2288
2503,VO,620,2298
2504,HS,620,2292
2505,LE,620,2279
2506,O2,620,2284
2507,CO,621,2289
2508,VO,621,2299
2509,HS,621,2293
2510,LE,621,2280
2511,O2,621,2285
2512,VO,622,
2513,VO,623,
2514,VO,624,
2515,VO,625,
2516,VO,626,
2517,VO,627,
2518,VO,628,
2519,VO,629,
2520,VO,630,
2521,VO,631,
2522,VO,632,
2523,VO,633,
2524,VO,634,
2525,CO,651,2352
2526,HS,651,2378
2527,LE,651,2300
2528,O2,651,2326
2529,CO,652,2353
2530,HS,652,2379
2531,LE,652,2301
2532,O2,652,2327
2533,CO,653,2354
2534,HS,653,2380
2535,LE,653,2302
2536,O2,653,2328
2537,CO,654,2355
2538,HS,654,2381
2539,LE,654,2303
2540,O2,654,2329
2541,CO,655,2356
2542,HS,655,2382
2543,LE,655,2304
2544,O2,655,2330
2545,CO,656,2357
2546,HS,656,2383
2547,LE,656,2305
2548,O2,656,2331
2549,CO,657,2358
2550,HS,657,2384
2551,LE,657,2306
2552,O2,657,2332
2553,CO,658,2359
2554,HS,658,2385
2555,LE,658,2307
2556,O2,658,2333
2557,CO,659,2360
2558,HS,659,2386
2559,LE,659,2308
2560,O2,659,2334
2561,CO,660,2433
2562,HS,660,2387
2563,LE,660,2309
2564,O2,660,2335
2565,CO,661,2362
2566,HS,661,2388
2567,LE,661,2310
2568,O2,661,2336
2569,CO,662,2363
2570,HS,662,2389
2571,LE,662,2311
2572,O2,662,2337
2573,CO,663,2364
2574,HS,663,2390
2575,LE,663,2312
2576,O2,663,2338
2577,CO,664,2365
2578,HS,664,2391
2579,LE,664,2313
2580,O2,664,2339
2581,CO,665,2366
2582,HS,665,2392
2583,LE,665,2314
2584,O2,665,2340
2585,CO,666,2367
2586,HS,666,2393
2587,LE,666,2315
2588,O2,666,2341
2589,CO,667,2368
2590,HS,667,2394
2591,LE,667,2316
2592,O2,667,2342
2593,CO,668,2369
2594,HS,668,2395
2595,LE,668,2317
2596,O2,668,2343
2597,CO,669,2370
2598,HS,669,2396
2599,LE,669,2318
2600,O2,669,2344
2601,CO,670,2371
2602,HS,670,2397
2603,LE,670,2319
2604,O2,670,2345
2605,CO,671,2372
2606,HS,671,2398
2607,LE,671,2320
2608,O2,671,2346
2609,CO,672,2373
2610,HS,672,2399
2611,LE,672,2321
2612,O2,672,2347
2613,CO,673,2374
2614,HS,673,2400
2615,LE,673,2322
2616,O2,673,2348
2617,CO,674,2375
2618,HS,674,2401
2619,LE,674,2323
2620,O2,674,2349
2621,CO,675,2376
2622,HS,675,2402
2623,LE,675,2324
2624,O2,675,2350
2625,CO,676,2377
2626,HS,676,2403
2627,LE,676,2325
2628,O2,676,2351
2629,CO,1080,2442
2630,HC,1080,2443
2631,LE,1080,2440
2632,O2,1080,2441
2633,CO,1081,
2634,HC,1081,
2635,LE,1081,
2636,O2,1081,
2637,CO,1082,
2638,HS,1082,
2639,LE,1082,
2640,O2,1082,
2641,VO,1082,
2642,CO,1083,
2643,HS,1083,
2644,LE,1083,
2645,O2,1083,
2646,VO,1083,
2647,CO,1084,2497
2648,HS,1084,2498
2649,LE,1084,2495
2650,O2,1084,2496
2651,CO,1085,
2652,HS,1085,
2653,LE,1085,
2654,O2,1085,
2655,VO,1085,
2656,CO,1086,
2657,HS,1086,
2658,LE,1086,
2659,O2,1086,
2660,CO,1087,
2661,HS,1087,
2662,LE,1087,
2663,O2,1087,
2664,VO,1087,
2665,CO,1088,
2666,HS,1088,
2667,LE,1088,
2668,O2,1088,
2669,VO,1088,
2670,CO,1090,
2671,HS,1090,
2672,LE,1090,
2673,O2,1090,
2674,VO,1090,
2675,CO,1091,
2676,HS,1091,
2677,LE,1091,
2678,O2,1091,
2679,VO,1091,
2680,SO,1095,
2681,NO,1095,
2682,C2,1095,
2683,HC,1096,
2684,CL,1096,
2685,PH,1096,
2686,NH,1097,
2687,CO,1098,
2688,HS,1098,
2689,LE,1098,
2690,O2,1098,
2691,VO,1098,
2692,CO,1099,
2693,HS,1099,
2694,LE,1099,
2695,O2,1099,
2696,VO,1099,
2697,CO,1100,
2698,HS,1100,
2699,LE,1100,
2700,O2,1100,
2701,VO,1100,
2702,CO,1101,
2703,HS,1101,
2704,LE,1101,
2705,O2,1101,
2706,VO,1101,
2707,CO,1102,
2708,HS,1102,
2709,LE,1102,
2710,O2,1102,
2711,VO,1102,
2712,CO,1103,
2713,HS,1103,
2714,LE,1103,
2715,O2,1103,
2716,VO,1103,
2717,CO,1104,
2718,HS,1104,
2719,LE,1104,
2720,O2,1104,
2721,VO,1104,
2722,CO,1105,
2723,HS,1105,
2724,LE,1105,
2725,O2,1105,
2726,VO,1105,
2727,CO,1106,
2728,HS,1106,
2729,LE,1106,
2730,O2,1106,2502
2731,CO,1107,
2732,HS,1107,
2733,LE,1107,
2734,O2,1107,
2735,CO,1108,
2736,HS,1108,
2737,LE,1108,
2738,O2,1108,
2739,CO,1109,
2740,HS,1109,
2741,LE,1109,
2742,O2,1109,
