id,label,serial,status,purchase_date,purchase_cost,firmware,notes,detector_model_id,configuration_id,location_id
1,PGM001,M03140482221,OP,,,,,1,1,8
2,PGM002,M03140483421,OP,,,,,1,1,96
3,PGM003,M03140478221,OP,,,,,1,1,109
4,PGM004,M03140482121,OP,,,,,1,1,95
5,PGM005,XXX-00001,OP,,,,,1,1,110
6,PGM006,M03140483021,OP,,,,,1,1,106
7,PGM007,M03140483721,OP,,,,,1,1,95
8,PGM008,M03140424621,OP,,,,,1,1,95
9,PGM009,M03140421421,OP,,,,,1,1,111
10,PGM010,M03140417521,OP,,,,,1,1,95
11,PGM011,M03140435521,OP,,,,,1,1,95
12,PGM012,M03140453821,OP,,,,,1,1,98
13,PGM013,M03140476821,OP,,,,,1,1,95
14,PGM014,M03140428621,OP,,,,,1,1,95
15,PGM015,M03140419621,OP,,,,,1,1,103
16,PGM016,M03140415621,OP,,,,,1,1,112
17,PGM017,M03140480621,OP,,,,,1,1,98
18,PGM018,M03140426521,OP,,,,,1,1,95
19,PGM019,M03140427321,OP,,,,,1,1,95
20,PGM020,M03140424021,OP,,,,,1,2,95
21,PGM021,M03140414321,OP,,,,,1,1,95
22,PGM022,M03140427721,OP,,,,,1,1,95
23,PGM023,M03140423221,OP,,,,,1,1,19
24,PGM024,M03140478421,OP,,,,,1,1,95
25,PGM025,M03140477421,OP,,,,,1,1,98
26,PGM026,M03140479321,OP,,,,,1,1,95
27,PGM027,M03140453221,OP,,,,,1,1,95
28,PGM028,M03140449521,OP,,,,,1,1,95
29,PGM029,M03140414621,OP,,,,,1,1,95
30,PGM030,M03240423721,OP,,,,,1,1,95
31,PGM031,M03140477821,OP,,,,,1,1,95
32,PGM032,M03140456021,OP,,,,,1,1,95
33,PGM033,M03140420421,OP,,,,,1,1,40
34,PGM034,M03140453121,OP,,,,,1,1,95
35,PGM035,M03140429521,OP,,,,,1,1,111
36,PGM036,M03140415321,OP,,,,,1,1,95
37,PGM037,M03140483521,OP,,,,,1,1,95
38,PGM038,M03140417721,OP,,,,,1,1,111
39,PGM039,M03140429221,OP,,,,,1,1,95
40,PGM040,M03140485221,OP,,,,,1,1,95
41,PGM041,M03140415721,OP,,,,,1,1,98
42,PGM042,M03140419321,OP,,,,,1,1,95
43,PGM043,M03140476521,OP,,,,,1,1,95
44,PGM044,M03140428521,OP,,,,,1,1,95
45,PGM045,M03140416521,OP,,,,,1,1,100
46,PGM046,M03140478821,OP,,,,,1,1,112
47,PGM047,M03140425821,OP,,,,,1,1,95
48,PGM048,M03140412921,OP,,,,,1,1,40
49,PGM049,M03140430921,OP,,,,,1,1,95
50,PGM050,M03140413921,OP,,,,,1,1,95
51,PGM051,M03140431121,OP,,,,,1,1,95
52,PGM052,M03140432421,OP,,,,,1,1,95
53,PGM053,M03140435621,OP,,,,,1,1,95
54,PGM054,M03140426721,OP,,,,,1,1,95
55,PGM055,M03140481021,OP,,,,,1,1,95
56,PGM056,M03140428421,OP,,,,,1,1,95
57,PGM057,M03140413121,OP,,,,,1,1,106
58,PGM058,M03140486121,OP,,,,,1,1,95
59,PGM059,M03140478521,OP,,,,,1,1,98
60,PGM060,M03140419121,OP,,,,,1,1,95
61,PGM061,M03140481821,OP,,,,,1,1,95
62,PGM062,M03140423121 ,OP,,,,,1,1,111
63,PGM063,M03140431321,OP,,,,,1,1,111
64,PGM064,XXX-00002,OP,,,,,1,1,110
65,PGM065,M03140431521,OP,,,,,1,1,95
66,PGM066,M03140428221,OP,,,,,1,1,23
67,PGM067,XXX-00003,OP,,,,,1,1,95
68,PGM068,M03140427921,OP,,,,,1,1,41
69,PGM069,M03140414421,OP,,,,,1,1,54
70,PGM070,M03140415921,OP,,,,,1,1,95
71,PGM071,M03140431021,OP,,,,,1,1,95
72,PGM072,M03140476921,OP,,,,,1,1,100
73,PGM073,M03140415121,OP,,,,,1,1,95
74,PGM074,M03140480321,OP,,,,,1,1,97
75,PGM075,M03140428021,OP,,,,,1,1,95
76,PGM076,M03140428121,OP,,,,,1,1,27
77,PGM077,M03140420821,OP,,,,,1,1,95
78,PGM078,M03140480521,OP,,,,,1,1,95
79,PGM079,M03140486521,OP,,,,,1,1,33
80,PGM080,M02140433221,OP,,,,,1,1,106
81,PGM081,M03140432321,OP,,,,,1,1,95
82,PGM082,M03140434621,OP,,,,,1,1,98
83,PGM083,M03140420921,OP,,,,,1,2,95
84,PGM084,M03140435021,OP,,,,,1,1,98
85,PGM085,M03140431421,OP,,,,,1,1,95
86,PGM086,M03140485921,OP,,,,,1,1,40
87,PGM087,M03140421521,OP,,,,,1,1,95
88,PGM088,M03140486621,OP,,,,,1,1,95
89,PGM089,M03140426221,OP,,,,,1,1,95
90,PGM090,M03140422121,OP,,,,,1,1,95
91,PGM091,M03140434421,OP,,,,,1,1,95
92,PGM092,M03140433421,OP,,,,,1,1,95
93,PGM093,M03140433521,OP,,,,,1,1,100
94,PGM094,M03140486821,OP,,,,,1,1,95
95,PGM095,M03140427821,OP,,,,,1,1,95
96,PGM096,M03140482921,OP,,,,,1,1,95
97,PGM097,M03140426121,OP,,,,,1,1,95
98,PGM098,M03140435921,OP,,,,,1,1,95
99,PGM099,M03140425021,OP,,,,,1,1,95
100,PGM100,M03140421921,OP,,,,,1,1,8
101,PGM101,M03140484921,OP,,,,,1,1,40
102,PGM102,M03140425421,OP,,,,,1,1,95
103,PGM103,M03140479521,OP,,,,,1,1,40
104,PGM104,M03140480421,OP,,,,,1,1,95
105,PGM105,M03140424921,OP,,,,,1,1,95
106,PGM106,M03140416721,OP,,,,,1,1,95
107,PGM107,M03140479421,OP,,,,,1,1,95
108,PGM108,M03140480821,OP,,,,,1,1,95
109,PGM109,M03140483821,OP,,,,,1,1,95
110,PGM110,M03140418021,OP,,,,,1,1,95
111,PGM111,M03140426921,OP,,,,,1,1,95
112,PGM112,M03140415821,OP,,,,,1,1,95
113,PGM113,M03140479021,OP,,,,,1,1,95
114,PGM114,M03140420621,OP,,,,,1,1,95
115,PGM115,M03140428821,OP,,,,,1,1,106
116,PGM116,M03140414521,OP,,,,,1,1,95
117,PGM117,M03140485321,OP,,,,,1,1,111
118,PGM118,M03140484021,OP,,,,,1,1,95
119,PGM119,M03140480921,OP,,,,,1,1,95
120,PGM120,XXX-00004,OP,,,,,1,1,110
121,PGM121,M03140478021,OP,,,,,1,1,95
122,PGM122,M03140413521,OP,,,,,1,1,95
123,PGM123,M03140420521,OP,,,,,1,1,95
124,PGM124,M03140419021,OP,,,,,1,1,6
125,PGM125,M03140412621,OP,,,,,1,1,95
126,PGM126,M03140417621,OP,,,,,1,1,95
127,PGM127,M03140422421,OP,,,,,1,1,95
128,PGM128,M03140416321,OP,,,,,1,1,96
129,PGM129,M03140414221,OP,,,,,1,1,106
130,PGM130,M02140484321,OP,,,,,1,1,95
131,PGM131,M03140482621,OP,,,,,1,1,106
132,PGM132,M02140416221,OP,,,,,1,1,95
133,PGM133,M03140483321,OP,,,,,1,1,95
134,PGM134,M03140425121,OP,,,,,1,1,95
135,PGM135,M03140477021,OP,,,,,1,1,95
136,PGM136,M03140477521,OP,,,,,1,1,95
137,PGM137,M03140413321,OP,,,,,1,1,95
138,PGM138,XXX-00005,OP,,,,,1,1,110
139,PGM139,M03140482421,OP,,,,,1,1,95
140,PGM140,M03140458921,OP,,,,,1,1,95
141,PGM141,M03140481721,OP,,,,,1,1,95
142,PGM142,M03140482021,OP,,,,,1,1,95
143,PGM143,M03140478721,OP,,,,,1,1,95
144,PGM144,M03140413221,OP,,,,,1,1,95
145,PGM145,M03140418121,OP,,,,,1,1,95
146,PGM146,M03140480121,OP,,,,,1,1,95
147,PGM147,M03140377721,OP,,,,,1,1,98
148,PGM148,M03140458321,OP,,,,,1,1,95
149,PGM149,XXX-00006,OP,,,,,1,1,110
150,PGM150,M03140452921,OP,,,,,1,1,95
151,PGM151,M03140479721,OP,,,,,1,1,95
152,PGM152,M03140458821,OP,,,,,1,1,95
153,PGM153,M03140456521,OP,,,,,1,1,95
154,PGM154,M03140456221,OP,,,,,1,1,95
155,PGM155,M03140457921,OP,,,,,1,1,95
156,PGM156,M03140417021,OP,,,,,1,1,95
157,PGM157,M03140480721,OP,,,,,1,1,106
158,PGM158,XXX-00007,OP,,,,,1,1,110
159,PGM159,M03140424721,OP,,,,,1,1,95
160,PGM160,M03140475821,OP,,,,,1,1,98
161,PGM161,XXX-00008,OP,,,,,1,1,110
162,PGM162,M03140486421,OP,,,,,1,2,95
163,PGM163,M03140477321,OP,,,,,1,1,95
164,PGM164,M03140455521,OP,,,,,1,1,98
165,PGM165,M03140435221,OP,,,,,1,1,95
166,PGM166,M03140448921,OP,,,,,1,1,95
167,PGM167,M03140453521,OP,,,,,1,1,95
168,PGM168,M03140416821,OP,,,,,1,1,95
169,PGM169,M03140419521,OP,,,,,1,1,114
170,PGM170,M03140420321,OP,,,,,1,1,95
171,PGM171,M03140423621,OP,,,,,1,1,95
172,PGM172,M03140484821,OP,,,,,1,1,95
173,PGM173,M03140485521,OP,,,,,1,1,95
174,PGM174,M03140452221,OP,,,,,1,1,95
175,PGM175,M03140422621,OP,,,,,1,1,95
176,PGM176,M03140454221,OP,,,,,1,1,95
177,PGM177,M03140459021,OP,,,,,1,1,95
178,PGM178,M03140450621,OP,,,,,1,1,95
179,PGM179,M03140475721,OP,,,,,1,1,95
180,PGM180,M03140425921,OP,,,,,1,1,100
181,PGM181,M03140478321,OP,,,,,1,1,95
182,PGM182,M03140453021,OP,,,,,1,1,40
183,PGM183,M03140477121,OP,,,,,1,1,99
184,PGM184,M03140476321,OP,,,,,1,1,95
185,PGM185,M03140450121,OP,,,,,1,1,111
186,PGM186,M03140421321,OP,,,,,1,1,95
187,PGM187,M03140435421,OP,,,,,1,1,95
188,PGM188,M03140414121,OP,,,,,1,1,40
189,PGM189,M03140419221,OP,,,,,1,1,98
190,PGM190,M03140433021,OP,,,,,1,1,95
191,PGM191,M03140423321,OP,,,,,1,1,95
192,PGM192,M03140432721,OP,,,,,1,1,95
193,PGM193,M03140427021,OP,,,,,1,1,103
194,PGM194,XXX-00009,OP,,,,,1,1,110
195,PGM195,M03140432221,OP,,,,,1,1,95
196,PGM196,M03140417921,OP,,,,,1,1,95
197,PGM197,M03140481321,OP,,,,,1,1,95
198,PGM198,M03140416121,OP,,,,,1,1,95
199,PGM199,M03140428321,OP,,,,,1,1,95
200,PGM200,M03140419821,OP,,,,,1,1,95
201,PGM201,M03140455621,OP,,,,,1,1,95
202,PGM202,M03140423821,OP,,,,,1,1,95
203,PGM203,M03140454521,OP,,,,,1,1,54
204,PGM204,M03140457521,OP,,,,,1,1,95
205,PGM205,M03140425221,OP,,,,,1,1,111
206,PGM206,M03140418321,OP,,,,,1,1,95
207,PGM207,M03140455221,OP,,,,,1,1,95
208,PGM208,M03140433621,OP,,,,,1,1,95
209,PGM209,M03140454921,OP,,,,,1,1,95
210,PGM210,M03140434021,OP,,,,,1,1,95
211,PGM211,M03140434121,OP,,,,,1,1,111
212,PGM212,XXX-00010,OP,,,,,1,1,95
213,PGM213,M03140460021,OP,,,,,1,1,95
214,PGM214,M03140476721,OP,,,,,1,1,54
215,PGM215,M03140420721,OP,,,,,1,1,95
216,PGM216,M03140482821,OP,,,,,1,1,111
217,PGM217,M03140434521,OP,,,,,1,1,95
218,PGM218,M03140418821,OP,,,,,1,1,99
219,PGM219,M03140484721,OP,,,,,1,1,104
220,PGM220,M03140421721,OP,,,,,1,1,95
221,PGM221,M03140429421,OP,,,,,1,1,95
222,PGM222,M03140432921,OP,,,,,1,1,95
223,PGM223,XXX-00011,OP,,,,,1,1,110
224,PGM224,M03140421821,OP,,,,,1,1,40
225,PGM225,M03140450821,OP,,,,,1,1,106
226,PGM226,M03140427621,OP,,,,,1,1,95
227,PGM227,M03140479621,OP,,,,,1,2,95
228,PGM228,M03140458421,OP,,,,,1,1,95
229,PGM229,M03140432021,OP,,,,,1,1,104
230,PGM230,M03140459221,OP,,,,,1,1,95
231,PGM231,M03140422321,OP,,,,,1,1,111
232,PGM232,M03140418721,OP,,,,,1,1,95
233,PGM233,M03140454721,OP,,,,,1,1,95
234,PGM234,M03140485721,OP,,,,,1,1,111
235,PGM235,M03140425721,OP,,,,,1,1,95
236,PGM236,M03140432821,OP,,,,,1,1,95
237,PGM237,M03140450721,OP,,,,,1,1,95
238,PGM238,M03140413621,OP,,,,,1,1,95
239,PGM239,M03149414721,OP,,,,,1,1,95
240,PGM240,M03140434221,OP,,,,,1,1,112
241,PGM241,M03140459921,OP,,,,,1,1,95
242,PGM242,M03140452021,OP,,,,,1,1,95
243,PGM243,M03140456321,OP,,,,,1,1,95
244,PGM244,M03140482721,OP,,,,,1,1,95
245,PGM245,M03140480021,OP,,,,,1,1,106
246,PGM246,M03140449321,OP,,,,,1,1,95
247,PGM247,M03140416621,OP,,,,,1,1,95
248,PGM248,M03140450321,OP,,,,,1,1,95
249,PGM249,M03140482321,OP,,,,,1,1,95
250,PGM250,XXX-00013,OP,,,,,1,1,110
251,PGM251,M03140431921,OP,,,,,1,1,99
252,PGM252,M03140422721,OP,,,,,1,1,95
253,PGM253,XXX-00014,OP,,,,,1,1,110
254,PGM254,M03140422221`,OP,,,,,1,1,98
255,PGM255,M03140425621,OP,,,,,1,1,95
256,PGM256,M02140424221,OP,,,,,1,1,95
257,PGM257,M03140485021,OP,,,,,1,1,95
258,PGM258,M03140457321,OP,,,,,1,1,38
259,PGM259,M03140435321,OP,,,,,1,1,95
260,PGM260,XXX-00015,OP,,,,,1,1,110
261,PGM261,M03140416421,OP,,,,,1,2,9
262,PGM262,M03140418221,OP,,,,,1,1,95
263,PGM263,XXX-00016,OP,,,,,1,1,110
264,PGM264,M03140417421,OP,,,,,1,1,95
265,PGM265,M03140426621,OP,,,,,1,1,95
266,PGM266,M03140434721,OP,,,,,1,1,95
267,PGM267,XXX-00017,OP,,,,,1,1,110
268,PGM268,M03140427121,OP,,,,,1,1,95
269,PGM269,M03140476421,OP,,,,,1,1,95
270,PGM270,M03140417121,OP,,,,,1,1,95
271,PGM271,M03140484621,OP,,,,,1,1,95
272,PGM272,M03140413821,OP,,,,,1,2,9
273,PGM273,M03140476121,OP,,,,,1,1,95
274,PGM274,M03140433321,OP,,,,,1,1,95
275,PGM275,M03140433121,OP,,,,,1,1,33
276,PGM276,M03140486221,OP,,,,,1,1,95
277,PGM277,M03140484221,OP,,,,,1,1,98
278,PGM278,M03140485621,OP,,,,,1,1,95
279,PGM279,M03140431221,OP,,,,,1,1,95
280,PGM280,M03140477621,OP,,,,,1,1,95
281,PGM281,M03140421021,OP,,,,,1,1,54
282,PGM282,XXX-00018,OP,,,,,1,1,110
283,PGM283,M03140476021,OP,,,,,1,2,95
284,PGM284,M03140421621,OP,,,,,1,1,95
285,PGM285,XXX-00019,OP,,,,,1,1,110
286,PGM286,M03140418421,OP,,,,,1,1,40
287,PGM287,M03140481621,OP,,,,,1,1,100
288,PGM288,M03140484421,OP,,,,,1,2,113
289,PGM289,M03140450921,OP,,,,,1,1,95
290,PGM290,M03140413421,OP,,,,,1,1,100
291,PGM291,M03140419421,OP,,,,,1,1,95
292,PGM292,M03140485421,OP,,,,,1,1,95
293,PGM293,M03140459621,OP,,,,,1,1,40
294,PGM294,M03140427421,OP,,,,,1,1,100
295,PGM295,M03140428721,OP,,,,,1,1,95
296,PGM296,M03140423421,OP,,,,,1,1,19
297,PGM297,M03140433821,OP,,,,,1,1,95
298,PGM298,M03140416021,OP,,,,,1,1,95
299,PGM299,M03140415521,OP,,,,,1,1,95
300,PGM300,M03140422821,OP,,,,,1,1,95
301,PGM301,M03140478621,OP,,,,,1,1,95
302,PGM302,M02140477221,OP,,,,,1,1,54
303,PGM303,M03140414821,OP,,,,,1,1,95
304,PGM304,M03140449121,OP,,,,,1,1,100
305,PGM305,M03140483221,OP,,,,,1,1,95
306,PGM306,M03140426821,OP,,,,,1,1,98
307,PGM307,M03140451221,OP,,,,,1,1,19
308,PGM308,M03140426421,OP,,,,,1,1,95
309,PGM309,M03140458521,OP,,,,,1,1,95
310,PGM310,XXX-00020,OP,,,,,1,1,110
311,PGM311,M03140459321,OP,,,,,1,1,103
312,PGM312,M03140455421,OP,,,,,1,1,95
313,PGM313,M03140415421,OP,,,,,1,1,95
314,PGM314,M03140435721,OP,,,,,1,1,110
315,PGM315,M03140431621,OP,,,,,1,1,95
316,PGM316,M03140455021,OP,,,,,1,1,95
317,PGM317,M03140486021,OP,,,,,1,1,95
318,PGM318,M03140452721,OP,,,,,1,1,95
319,PGM319,M03140448821,OP,,,,,1,1,95
320,PGM320,M03140484121,OP,,,,,1,1,7
321,PGM321,M03140419721,OP,,,,,1,1,95
322,PGM322,M03140423021,OP,,,,,1,1,24
323,PGM323,M03140426321,OP,,,,,1,1,95
324,PGM324,M03140413021,OP,,,,,1,1,95
325,PGM325,M03140420121,OP,,,,,1,1,95
326,PGM326,M03140429321,OP,,,,,1,1,95
327,PGM327,M03140424121,OP,,,,,1,1,104
328,PGM328,M03140426021,OP,,,,,1,1,95
329,PGM329,M03140422021,OP,,,,,1,1,98
330,PGM330,XXX-00022,OP,,,,,1,1,110
331,PGM331,M03140481921,OP,,,,,1,1,95
332,PGM332,M03140420221,OP,,,,,1,1,95
333,PGM333,M03140479821,OP,,,,,1,1,95
334,PGM334,M03140484521,OP,,,,,1,1,98
335,PGM335,M03140414921,OP,,,,,1,1,95
336,PGM336,M03140486721,OP,,,,,1,1,95
337,PGM337,M03140424521,OP,,,,,1,1,95
338,PGM338,M03140479921,OP,,,,,1,1,99
339,PGM339,M03101845621,OP,,,,,1,1,95
340,PGM340,M03104018621,OP,,,,,1,1,95
341,PGM341,M03140449721,OP,,,,,1,1,104
342,PGM342,M03140423921,OP,,,,,1,1,95
343,PGM343,M03140480221,OP,,,,,1,2,9
344,PGM344,M03140417321,OP,,,,,1,1,95
345,PGM345,M03140485121,OP,,,,,1,1,111
346,PGM346,M03140402521,OP,,,,,1,1,95
347,PGM347,M03140456721,OP,,,,,1,1,95
348,PGM348,M03140475921,OP,,,,,1,1,95
349,PGM349,M03140412521,OP,,,,,1,1,104
350,PGM350,M03140476621,OP,,,,,1,1,95
351,PGM351,M03140434921,OP,,,,,1,1,95
352,PGM352,M03140424821,OP,,,,,1,1,111
353,PGM353,M03140435821,OP,,,,,1,1,95
354,PGM354,M03140449221,OP,,,,,1,1,95
355,PGM355,M03140434321,OP,,,,,1,1,95
356,PGM356,M03140419921,OP,,,,,1,1,95
357,PGM357,M03140475021,OP,,,,,1,1,95
358,PGM358,M03140477921,OP,,,,,1,1,95
359,PGM359,M03140421121,OP,,,,,1,1,95
360,PGM360,M03140422921,OP,,,,,1,1,95
361,PGM361,M03140417221,OP,,,,,1,1,103
362,PGM362,M03140415221,OP,,,,,1,1,95
363,PGM363,M03140422521,OP,,,,,1,1,106
364,PGM364,M03140460221,OP,,,,,1,1,104
365,PGM365,M03140483921,OP,,,,,1,1,11
366,PGM366,M0314042521,OP,,,,,1,1,104
367,PGM367,M03140448721,OP,,,,,1,1,111
368,PGM368,M03140453421,OP,,,,,1,1,100
369,PGM369,M03140449421,OP,,,,,1,1,95
370,PGM370,M03140459721,OP,,,,,1,1,95
371,PGM371,M03140457621,OP,,,,,1,1,95
372,PGM372,M03140452121,OP,,,,,1,1,95
373,PGM373,M03140452321,OP,,,,,1,1,100
374,PGM374,M03140451421,OP,,,,,1,1,95
375,PGM375,M03140454621,OP,,,,,1,1,95
376,PGM376,M03140457821,OP,,,,,1,2,95
377,PGM377,M03140460121,OP,,,,,1,1,97
378,PGM378,M03140451521,OP,,,,,1,1,95
379,PGM379,XXX-00023,OP,,,,,1,1,110
380,PGM380,M03140449821,OP,,,,,1,1,111
381,PGM381,M03140421221,OP,,,,,1,1,54
382,PGM382,M03140416921,OP,,,,,1,1,95
383,PGM383,M03140459121,OP,,,,,1,1,100
384,PGM384,M03140454121,OP,,,,,1,1,95
385,PGM385,M03140457021,OP,,,,,1,1,95
386,PGM386,M03140427521,OP,,,,,1,1,95
387,PGM387,M03140481221,OP,,,,,1,1,95
388,PGM388,M03140453321,OP,,,,,1,1,95
389,PGM389,M03140455821,OP,,,,,1,1,95
390,PGM390,M03140459521,OP,,,,,1,1,95
391,PGM391,M03140451821,OP,,,,,1,1,95
392,PGM392,M03140459821,OP,,,,,1,1,95
393,PGM393,M03140454821,OP,,,,,1,1,95
394,PGM394,M03140450221,OP,,,,,1,1,99
395,PGM395,M03140455121,OP,,,,,1,1,95
396,PGM396,M03140451321,OP,,,,,1,1,98
397,PGM397,M03140452621,OP,,,,,1,1,95
398,PGM398,M03140457421,OP,,,,,1,1,40
399,PGM399,M03140457221,OP,,,,,1,1,95
400,PGM400,M03140436121,OP,,,,,1,1,98
401,PGM401,M03140431721,OP,,,,,1,1,95
402,PGM402,M03101845021,OP,,,,,1,1,95
403,PGM403,M03101845521,OP,,,,,1,1,106
404,PGM404,M03140479121,OP,,,,,1,1,95
405,PGM405,M03140435121,OP,,,,,1,1,95
406,PGM406,M03101845421,OP,,,,,1,1,40
407,PGM407,M03140455921,OP,,,,,1,1,95
408,PGM408,M03140454321,OP,,,,,1,1,95
409,PGM409,M03140417821,OP,,,,,1,1,95
410,PGM410,M03140430821,OP,,,,,1,1,95
411,PGM411,M03101845321,OP,,,,,1,1,112
412,PGM412,M03101845721,OP,,,,,1,1,95
413,PGM413,M03101845221,OP,,,,,1,1,95
414,PGM414,M03140463121,OP,,,,,1,2,95
415,PGM415,M03140464721,OP,,,,,1,2,95
416,PGM416,M03140463721,OP,,,,,1,2,95
417,PGM417,M03140462821,OP,,,,,1,2,95
418,PGM418,M03140464621,OP,,,,,1,2,95
419,PGM419,M03140463421,OP,,,,,1,2,9
420,PGM420,M03140462121,OP,,,,,1,2,95
421,PGM421,M03140463521,OP,,,,,1,2,95
422,PGM422,M03140462621,OP,,,,,1,2,95
423,PGM423,M03140464321,OP,,,,,1,2,111
424,PGM424,M03140462521,OP,,,,,1,2,113
425,PGM425,M03140464421,OP,,,,,1,2,95
426,PGM426,M03140464521,OP,,,,,1,2,95
427,PGM427,M03140464121,OP,,,,,1,2,9
428,PGM428,M03140462321,OP,,,,,1,2,9
429,PGM429,M03140464221,OP,,,,,1,2,95
430,PGM430,M03140449621,OP,,,,,1,1,95
431,PGM431,M03140454021,OP,,,,,1,1,95
432,PGM432,M03140239921,OP,,,,,1,1,95
433,PGM433,MO3140392721,OP,,,,,1,1,95
434,PGM434,M03140436921,OP,,,,,1,1,95
435,PGM435,M03140465321,OP,,,,,1,2,95
436,PGM436,M03140467321,OP,,,,,1,2,95
437,PGM437,M03140467721,OP,,,,,1,2,95
438,PGM438,M03140465521,OP,,,,,1,2,115
439,PGM439,M03140448621,OP,,,,,1,1,104
440,PGM440,M03140481521,OP,,,,,1,1,98
441,PGM441,M03140453721,OP,,,,,1,1,95
442,PGM442,M03140403721,OP,,,,,1,1,95
443,PGM443,M03140488021,OP,,,,,1,1,111
444,PGM444,M03140489621,OP,,,,,1,1,95
445,PGM445,M03140489521,OP,,,,,1,1,95
446,PGM446,M03140488721,OP,,,,,1,1,97
447,PGM447,M03140487321,OP,,,,,1,1,95
448,PGM448,M03140489121,OP,,,,,1,1,95
449,PGM449,M03140487621,OP,,,,,1,1,95
450,PGM450,M03140489021,OP,,,,,1,1,97
451,PGM451,M03140488821,OP,,,,,1,1,95
452,PGM452,M03140488221,OP,,,,,1,1,98
453,PGM453,M03140488521,OP,,,,,1,1,111
454,PGM454,M03140488121,OP,,,,,1,1,95
455,PGM455,M03140489221,OP,,,,,1,1,95
456,PGM456,M03140489421,OP,,,,,1,1,95
457,PGM457,M03140488321,OP,,,,,1,1,96
458,PGM458,M03140487421,OP,,,,,1,1,99
459,PGM459,M03140488421,OP,,,,,1,1,95
460,PGM460,M03140487721,OP,,,,,1,1,95
461,PGM461,M03140487821,OP,,,,,1,1,95
462,PGM462,M03140488621,OP,,,,,1,1,95
463,PGM463,M03140487921,OP,,,,,1,1,99
464,PGM464,M03140487221,OP,,,,,1,1,95
465,PGM465,M03140487521,OP,,,,,1,1,95
466,PGM466,M03140488921,OP,,,,,1,1,13
467,PGM467,M0314-489321,OP,,,,,1,1,95
468,PGM468,M03140452821,OP,,,,,1,1,95
469,PGM469,M03140437421,OP,,,,,1,1,99
470,PGM470,M03140403521,OP,,,,,1,1,95
471,PGM471,M03140437021,OP,,,,,1,1,100
472,PGM472,M03140436521,OP,,,,,1,1,95
473,PGM473,M03140394021,OP,,,,,1,1,95
474,PGM474,M03140437221,OP,,,,,1,1,97
475,PGM475,M03140403221,OP,,,,,1,1,106
476,PGM476,M03240438021,OP,,,,,1,1,95
477,PGM477,M03140008921,OP,,,,,1,2,95
478,PGM478,M03101845121,OP,,,,,1,1,95
479,PGM479,M03101378621,OP,,,,,1,1,95
480,PGM480,M03140436321,OP,,,,,1,1,95
481,PGM481,M02140483121,OP,,,,,1,1,106
482,PGM482,M03140238621,OP,,,,,1,1,95
483,PGM483,M03140437721,OP,,,,,1,1,95
484,PGM484,M03140393121,OP,,,,,1,1,95
485,PGM485,M03140392821,OP,,,,,1,1,95
486,PGM486,M03140393921,OP,,,,,1,1,95
487,PGM487,M03140436821,OP,,,,,1,1,95
488,PGM488,M03140404721,OP,,,,,1,1,95
489,PGM489,M03140239621,OP,,,,,1,1,95
490,PGM490,M03140240421,OP,,,,,1,1,95
491,PGM491,M03140393721,OP,,,,,1,1,95
492,PGM492,M03140393221,OP,,,,,1,1,95
493,PGM493,M03140393321,OP,,,,,1,1,95
494,PGM494,M03140240021,OP,,,,,1,1,95
495,PGM495,M03140403421,OP,,,,,1,1,95
496,PGM496,M03140438221,OP,,,,,1,1,95
497,PGM497,M03140240121,OP,,,,,1,1,95
498,PGM498,M03140437321,OP,,,,,1,1,95
499,PGM499,M03140404321,OP,,,,,1,1,95
500,PGM500,M03140437521,OP,,,,,1,1,95
501,PGM501,M03140438121,OP,,,,,1,1,95
502,PGM502,M03140437621,OP,,,,,1,1,95
503,PGM503,M03140240321,OP,,,,,1,1,95
504,PGM504,M03140404421,OP,,,,,1,1,95
505,PGM505,M03140436421,OP,,,,,1,1,95
506,PGM506,M03140436721,OP,,,,,1,1,95
507,PGM507,M03140436621,OP,,,,,1,1,95
508,PGM508,M03140404521,OP,,,,,1,1,95
509,PGM509,M03140405021,OP,,,,,1,1,95
510,PGM510,M03140238521,OP,,,,,1,1,95
511,PGM511,M03140404621,OP,,,,,1,1,95
512,PGM512,M03140436221,OP,,,,,1,1,95
513,PGM513,M03140392921,OP,,,,,1,1,95
514,PGM514,M03140240221,OP,,,,,1,1,95
515,PGM515,M03140239821,OP,,,,,1,1,95
516,PGM516,M03140393621,OP,,,,,1,1,95
517,PGM517,M03140393021,OP,,,,,1,1,95
518,PGM518,M03140437921,OP,,,,,1,1,95
519,PGM519,M03140493421,OP,,,,,1,1,95
520,PGM520,M03140403321,OP,,,,,1,1,95
521,PGM521,M03140437821,OP,,,,,1,1,95
522,PGM522,M03140403121,OP,,,,,1,1,95
523,PGM523,M03140404921,OP,,,,,1,1,95
524,PGM524,M03140024421,OP,,,,,1,2,95
525,PGM525,M03140403621,OP,,,,,1,1,95
526,PGM526,M03140415021,OP,,,,,1,1,95
527,PGM527,M03140456821,OP,,,,,1,1,111
528,PGM528,M03140449921,OP,,,,,1,1,111
529,PGM529,XXX-00024,OP,,,,,1,1,95
530,PGM530,M03140451921,OP,,,,,1,1,95
531,PGM531,M03140436021,OP,,,,,1,1,95
532,PGM532,M03140458021,OP,,,,,1,1,95
533,PGM533,M03140449021,OP,,,,,1,1,95
534,PGM534,M03140478921,OP,,,,,1,1,95
535,PGM535,M03140452421,OP,,,,,1,1,95
536,PGM536,M03140457121,OP,,,,,1,1,95
537,PGM537,M03140459421,OP,,,,,1,1,95
538,PGM538,M03140457721,OP,,,,,1,1,95
539,PGM539,M03140451121,OP,,,,,1,1,95
540,PGM540,M03140456921,OP,,,,,1,1,95
541,PGM541,M03140450021,OP,,,,,1,1,95
542,PGM542,M03140453621,OP,,,,,1,1,95
543,PGM543,M03140428921,OP,,,,,1,1,95
544,PGM544,M03140451721,OP,,,,,1,1,95
545,PGM545,M03140458221,OP,,,,,1,1,95
546,PGM546,M03140433721,OP,,,,,1,1,95
547,PGM547,M03140456621,OP,,,,,1,1,95
548,PGM548,M03140418921,OP,,,,,1,1,95
549,PGM549,M03140456421,OP,,,,,1,1,95
550,PGM550,M03140462221,OP,,,,,1,2,114
551,PGM551,M03140446321,OP,,,,,1,2,114
552,PGM552,M03140465221,OP,,,,,1,2,114
553,PGM553,M03140466121,OP,,,,,1,2,9
554,PGM554,M03140467221,OP,,,,,1,2,9
555,PGM555,M03140466521,OP,,,,,1,2,113
556,PGM556,M03140466221,OP,,,,,1,2,9
557,PGM557,M03140466821,OP,,,,,1,2,114
558,PGM558,M03140467521,OP,,,,,1,2,114
559,PGM559,M03140466921,OP,,,,,1,2,114
560,PGM560,M03140465421,OP,,,,,1,2,114
561,PGM561,M03140467121,OP,,,,,1,2,113
562,PGM562,M03140458721,OP,,,,,1,1,95
563,PGM563,M03140431821,OP,,,,,1,1,95
564,PGM564,M03140466621,OP,,,,H2S detector,1,2,95
565,PGM565,M03140465821,OP,,,,,1,2,95
566,PGM566,M03140463321,OP,,,,,1,2,95
567,PGM567,M03140464821,OP,,,,,1,2,9
568,PGM568,M03140466021,OP,,,,,1,2,95
569,PGM569,M03140466321,OP,,,,,1,2,95
570,PGM570,M03140463021,OP,,,,,1,2,95
571,PGM571,M03140467421,OP,,,,,1,1,95
572,PGM572,M03140465621,OP,,,,,1,2,95
573,PGM573,M03140462921,OP,,,,,1,2,95
574,PGM574,M03140465021,OP,,,,,1,2,95
575,PGM575,M03140465121,OP,,,,,1,2,95
576,PGM576,M03140466421,OP,,,,,1,2,95
577,PGM577,M03140463921,OP,,,,,1,2,95
578,PGM578,M03140466721,OP,,,,,1,2,95
579,PGM579,M03140465921,OP,,,,,1,2,95
580,PGM580,M03140462721,OP,,,,,1,2,95
581,PGM581,M03140485821,OP,,,,,1,1,95
582,PGM582,M03140451021,OP,,,,,1,1,95
583,PGM583,M03140458621,OP,,,,,1,1,95
584,PGM584,M03140450521,OP,,,,,1,1,100
585,PGM585,M03140462421,OP,,,,,1,2,95
586,PGM586,M03140465721,OP,,,,,1,1,95
587,MR01,MAA30007Q7,OP,,,,,2,3,95
588,MR02,MAA30008Q7,OP,,,,,2,3,95
589,MR03,MAA30009Q7,OP,,,,,2,3,95
590,MR04,MAA30010Q7,OP,,,,,2,3,95
591,MR05,MAA30011Q7,OP,,,,,2,3,95
592,MR06,XXX-00025,OP,,,,,2,3,95
593,MR07,MAA30013Q7,OP,,,,,2,3,110
594,MR08,MAA30014Q7,OP,,,,,2,3,95
595,MR09,MAA30015Q7,OP,,,,,2,3,95
596,MR10,XXX-00026,OP,,,,,2,3,95
597,MR11,MAA30017Q7,OP,,,,,2,3,95
598,MR13,M01C001832,OP,,,,,2,3,95
599,MR14,MAA30020Q7,OP,,,,,2,3,95
600,MR16,XXX-00027,OP,,,,,2,3,95
601,MR34,XXX-00028,OP,,,,,2,3,116
602,MR35,M01C005074,OP,,,,,2,3,95
603,MRHART01,XXX-00029,OP,,,,,2,3,95
604,MR12,XXX-00030,OP,,,,,2,3,95
605,MR17,XXX-00031,OP,,,,,2,3,95
606,MR18,MAA30024Q7,OP,,,,,2,4,89
607,MR19,MAA30099Q6,OP,,,,,2,4,95
608,MR20,MAA30100Q6,OP,,,,,2,4,95
609,MR33,M01C008331,OP,,,,,2,4,95
610,MR888,M01C008882,OP,,,,,2,4,95
611,MR15,MAA30021Q7,OP,,,,,2,5,95
612,MR21,MAA30005Q7,OP,,,,,2,5,95
613,MR22,MAA30006Q7,OP,,,1.54,,2,5,95
614,MR36,M01C008876,OP,,,,,2,5,89
615,MR31,M01C008878,OP,,,,,2,5,89
616,MR29,M01C036841,OP,,,,,2,5,95
617,MR23,MCA30002Q7,OP,,,,,2,6,95
618,MR24,MCA30003Q7,OP,,,,,2,6,95
619,MR25,MCA300015Q5,OP,,,,,2,6,89
620,MR32,M01F001185,OP,,,,,2,6,95
621,MR26,M01F002293,OP,,,,,2,6,89
622,PID01,592-907573,OP,,,,,3,7,95
623,PID02,592-907615,OP,,,,,3,7,89
624,PID03,592-907644,OP,,,,,3,7,95
625,PID05,592-907588,OP,,,,,3,7,96
626,PID06,592-907622,OP,,,,,3,7,89
627,PID07,592-907586,OP,,,,,3,7,95
628,PID08,592-907613,OP,,,,,3,7,95
629,PID10,594-903188,OP,,,,,4,8,95
630,PID11,594-900086,OP,,,2.22A,,4,8,95
631,PID12,592-918998,OP,,,,,3,7,95
632,PID13,592-919000,OP,,,,,3,7,96
633,PID14,592-918999,OP,,,2.26,,3,7,95
634,PID15,594-920954,OP,,,2.22A,,4,8,95
635,RM001,955-008157,OP,,,,,5,9,68
636,RM002,955-008158,OP,,,,,5,9,68
637,RM003,955-008156,OP,,,,,5,9,68
638,RM004,955-008153,OP,,,,,5,9,55
639,RM005,955-008150,OP,,,,,5,9,55
640,RM006,955-008149,OP,,,,,5,9,55
641,RM007,955-006846,OP,,,,,5,9,62
642,RM008,955-008152,OP,,,,,5,9,62
643,RM009,955-008151,OP,,,,,5,9,62
644,RM010,955-006844,OP,,,,,5,9,34
645,RM011,955-008160,OP,,,,,5,9,34
646,RM012,955-006845,OP,,,,,5,9,34
647,RM013,251-904636,OP,,,,,6,10,95
648,RM014,251-903798,OP,,,,,6,10,95
649,RM015,251-903612,OP,,,,,6,10,95
650,RM016,251-903607,OP,,,,,6,10,95
651,AM31,W01B00001749,OP,,,1.12,,7,11,95
652,AM32,W01B00001747,OP,,,1.12,,7,11,95
653,AM33,WO1B00001748,OP,,,1.12,,7,11,95
654,AM34,W01B00001746,OP,,,1.12,,7,11,95
655,AM35,W01B00002609,OP,,,1.12,,7,11,95
656,AM36,W01B00002607,OP,,,1.12,,7,11,95
657,AM39,W01B00002602,OP,,,1.12,,7,11,95
658,AM40,W01B00002480,OP,,,1.12,,7,11,95
659,AM41,W01B00002491,OP,,,1.12,HF SENSOR TRIAL SETUP,7,11,95
660,AM42,W01B00002499,OP,,,1.12,,7,11,95
661,AM43,W01B00002492,OP,,,1.12,,7,11,95
662,AM44,W01B00002481,OP,,,1.12,,7,11,95
663,AM45,W01B00002453,OP,,,1.12,,7,11,95
664,AM46,W01B00002479,OP,,,1.12,,7,11,95
665,AM47,W01B00002454,OP,,,1.12,,7,11,95
666,AM48,W01B00002490,OP,,,1.12,,7,11,95
667,AM49,W01B00002498,OP,,,1.12,,7,11,95
668,AM50,W01B00002478,OP,,,1.12,,7,11,95
669,AM51,W01B00002455,OP,,,1.12,,7,11,95
670,AM52,W01B00002493,OP,,,1.12,,7,11,95
671,AM53,W01B00002601,OP,,,1.12,,7,11,95
672,MA54,W01B00002,OP,,,,,7,11,34
673,AM55,W01B00002608,OP,,,1.12,,7,11,95
674,AM63,W01B00002452,OP,,,1.12,,7,11,95
675,AM64,W01B00002500,OP,,,1.12,,7,11,95
676,AM65,W01B00002???,OP,,,,,7,11,68
677,RD042,01A03A77,OP,,,,,8,12,34
678,RD043,01A03A83,OP,,,,,8,12,34
679,RD044,01A03A56,OP,,,,,8,12,34
680,RD045,01A03A53,OP,,,,,8,12,94
681,RD046,01A03A9B,OP,,,,,8,12,94
682,RD049,01A03A9E,OP,,,,,8,12,95
683,RD050,01A03A61,OP,,,,,8,12,34
684,RD051,01A03AA9,OP,,,,,8,12,34
685,RD052,01A03A73,OP,,,,,8,12,94
686,RD056,01A03A7E,OP,,,,,8,12,34
687,RD058,01A03A99,OP,,,,,8,12,94
688,RD060,01A03A92,OP,,,,,8,12,94
689,RD063,01A03A93,OP,,,,,8,12,94
690,RD064,01A03A67,OP,,,,,8,12,34
691,RD065,01A03A5F,OP,,,,,8,12,95
692,RD066,01A03A50,OP,,,,,8,12,95
693,RD067,01A03A85,OP,,,,,8,12,95
694,RD068,01A03A98,OP,,,,,8,12,34
695,RD069,01A03A6E,OP,,,,,8,12,94
696,RD071,01A1DBDB,OP,,,,,8,12,34
697,RD062,01A03A90,OP,,,,,8,12,95
698,RD040,01A03A82,OP,,,,,8,12,95
699,RD048,01A03AA7,OP,,,,,8,12,95
700,RD057,01A03AA1,OP,,,,,8,12,95
701,RD041,01A03A5A,OP,,,,,8,12,95
702,RD059,01A03A66,OP,,,,,8,12,95
703,RD054,01A03A57,OP,,,,,8,12,95
704,RSM01,551428,OP,,,,,9,14,34
705,RSM02,35901,OP,,,,,9,14,95
706,RDRM01,119514,OP,,,,,10,13,34
707,RDRM02,39617,OP,,,,,10,13,95
708,LT01,86296,OP,,,,,11,15,68
709,LT02,89965,OP,,,,,11,15,68
710,LT03,76818,OP,,,,,11,15,62
711,LT04,75242,OP,,,,,11,15,62
712,LT05,XXX-00032,OP,,,,,11,15,55
713,LT06,XXX-00033,OP,,,,,11,15,55
714,LT07,86300,OP,,,,,11,15,34
715,LT08,86291,OP,,,,,11,15,34
716,LT09,XXX-00034,OP,,,,,11,15,34
717,LT10,XXX-00035,OP,,,,,11,15,34
718,LT11,86290,OP,,,,,11,15,89
719,LT12,86294,OP,,,,,11,15,94
720,LT13,XXX-00036,OP,,,,,11,15,80
721,LT14,XXX-00037,OP,,,,,11,15,80
722,RAD001,XXX-00038,OP,,,,,12,16,108
723,RAD002,XXX-00039,OP,,,,,12,16,108
724,RAD003,XXX-00040,OP,,,,,12,16,108
725,RAD004,151491274,OP,,,,,12,16,108
726,RAD005,805210004,OP,,,,,12,16,95
727,RAD006,873200002,OP,,,,,12,16,95
728,RAD007,805210002,OP,,,,,12,16,108
729,RAD008,805210003,OP,,,,,12,16,95
730,RAD009,XXX-00041,OP,,,,,12,16,110
731,RAD010,XXX-00042,OP,,,,,12,16,108
732,RAD011,151491271,OP,,,,,12,16,95
733,RAD012,XXX-00043,OP,,,,,12,16,108
734,RAD013,XXX-00044,OP,,,,,12,16,110
735,RAD014,XXX-00045,OP,,,,,12,16,110
736,RAD015,XXX-00046,OP,,,,,12,16,110
737,RAD016,XXX-00047,OP,,,,,12,16,110
738,RAD017,XXX-00048,OP,,,,,12,16,110
739,RAD018,XXX-00049,OP,,,,,12,16,110
740,RAD019,XXX-00050,OP,,,,,12,16,110
741,RAD020,XXX-00051,OP,,,,,12,16,110
742,RAD021,XXX-00052,OP,,,,,12,16,110
743,RAD022,XXX-00053,OP,,,,,12,16,110
744,RAD023,XXX-00054,OP,,,,,12,16,55
745,RAD024,XXX-00055,OP,,,,,12,16,55
746,RAD025,XXX-00056,OP,,,,,12,16,55
747,RAD026,XXX-00057,OP,,,,,12,16,55
748,RAD027,XXX-00058,OP,,,,,12,16,62
749,RAD028,XXX-00059,OP,,,,,12,16,62
750,RAD029,XXX-00060,OP,,,,,12,16,62
751,RAD030,XXX-00061,OP,,,,,12,16,62
752,CS001,T021006115,OP,,,,,13,17,18
753,CS002,T021006131,OP,,,,,13,17,28
754,CS003,T021006116,OP,,,,,13,17,19
755,CS004,T021006119,OP,,,,,13,17,24
756,CS005,T021006118,OP,,,,,13,17,25
757,CS006,T021006117,OP,,,,,13,17,26
758,CS007,T021006160,OP,,,,,13,17,21
759,CS008,T021006166,OP,,,,,13,17,20
760,CS009,T021006444,OP,,,,,13,17,75
761,CS010,T021009196,OP,,,,,13,17,76
762,CS011,T021009184,OP,,,,,13,17,77
763,CS012,T021006120,OP,,,,,13,17,6
764,CS013,T021006111,OP,,,,,13,17,5
765,CS014,T021006130,OP,,,,,13,17,8
766,CS015,T021006114,OP,,,,,13,17,10
767,CS016,T021006144,OP,,,,,13,17,7
768,CS017,T021006432,OP,,,,,13,17,11
769,CS018,T021008793,OP,,,,,13,17,13
770,CS019,T021006431,OP,,,,,13,17,14
771,CS020,T021008764,OP,,,,,13,17,73
772,CS021,T021009197,OP,,,,,13,17,74
773,CS022,T021006430,OP,,,,,13,17,15
774,CS023,T021008791,OP,,,,,13,17,43
775,CS024,T021008796,OP,,,,,13,17,41
776,CS025,T021008794,OP,,,,,13,17,38
777,CS026,T021006139,OP,,,,,13,17,36
778,CS027,T021009211,OP,,,,,13,17,52
779,CS028,T021006441,OP,,,,,13,17,53
780,CS029,T021006154,OP,,,,,13,17,54
781,CS030,T021006440,OP,,,,,13,17,39
782,CS031,T021006121,OP,,,,,13,17,40
783,CS032,T021006153,OP,,,,,13,17,46
784,CS033,T021006137,OP,,,,,13,17,37
785,CS034,T021006152,OP,,,,,13,17,47
786,CS035,T021006146,OP,,,,,13,17,44
787,CS036,T021009103,OP,,,,,13,17,49
788,CS037,T021009100,OP,,,,,13,17,48
789,CS038,T021009097,OP,,,,,13,17,51
790,CS039,T021009096,OP,,,,,13,17,50
791,CS040,T021008799,OP,,,,,13,17,29
792,CS041,T021006148,OP,,,,,13,17,27
793,CS042,T021008780,OP,,,,,13,17,23
794,CS043,T021006135,OP,,,,,13,17,32
795,CS044,T021006145,OP,,,,,13,17,31
796,CS045,T021006129,OP,,,,,13,17,30
797,CS046,T021006165,OP,,,,,13,17,22
798,CS047,T021009098,OP,,,,,13,17,78
799,CS048,T021009187,OP,,,,,13,17,81
800,CS049,T021009192,OP,,,,,13,17,82
801,CS050,T021000782,OP,,,,,13,17,9
802,CS051,T0210016Q5,OP,,,,,13,17,9
803,CS052,T021006133,OP,,,,,13,17,12
804,CS053,T021005596,OP,,,,,13,17,4
805,CS054,T0210019Q1,OP,,,,,13,17,3
806,CS055,T021006451,OP,,,,,13,17,17
807,CS056,T0210009Q3,OP,,,,,13,17,2
808,CS057,T021006162,OP,,,,,13,17,45
809,CS058,T0210007Q3,OP,,,,,13,17,1
810,CS059,T0210007Q5,OP,,,,,13,17,34
811,CS060,T021009085,OP,,,,,13,17,35
812,CS061,T021006198,OP,,,,,13,17,33
813,CS062,T021008762,OP,,,,,13,17,70
814,CS063,T021006164,OP,,,,,13,17,71
815,CS064,T021008800,OP,,,,,13,17,72
816,CS065,T021009104,OP,,,,,13,17,69
817,CS066,T021009107,OP,,,,,13,17,68
818,CS067,T021009102,OP,,,,,13,17,67
819,CS068,T021009183,OP,,,,,13,17,60
820,CS069,T021009186,OP,,,,,13,17,58
821,CS070,T021009189,OP,,,,,13,17,57
822,CS071,T021009194,OP,,,,,13,17,56
823,CS072,T021009177,OP,,,,,13,17,55
824,CS073,T021009125,OP,,,,,13,17,64
825,CS074,T021009190,OP,,,,,13,17,63
826,CS075,T021009111,OP,,,,,13,17,61
827,CS076,T021009099,OP,,,,,13,17,66
828,CS077,T021009188,OP,,,,,13,17,65
829,CS078,T021009122,OP,,,,,13,17,62
830,CS079,T021009185,OP,,,,,13,17,79
831,CS080,T021009195,OP,,,,,13,17,83
832,CS081,T021009181,OP,,,,,13,17,84
833,CS082,T021009182,OP,,,,,13,17,85
834,CS083,T021009179,OP,,,,,13,17,86
835,CS084,T021009199,OP,,,,,13,17,87
836,CS085,T021009191,OP,,,,,13,17,97
837,CC001,T028001323,OP,,,,,14,18,18
838,CC002,T028001178,OP,,,,,14,18,28
839,CC003,T028001180,OP,,,,,14,18,19
840,CC004,T028001344,OP,,,,,14,18,24
841,CC005,T028001702,OP,,,,,14,18,25
842,CC006,T028001351,OP,,,,,14,18,26
843,CC007,T028001216,OP,,,,,14,18,21
844,CC008,T028001675,OP,,,,,14,18,20
845,CC009,T028002449,OP,,,,,14,18,75
846,CC010,T028001181,OP,,,,,14,18,76
847,CC011,T028002454,OP,,,,,14,18,77
848,CC012,T028001233,OP,,,,,14,18,6
849,CC013,T028001698,OP,,,,,14,18,5
850,CC014,T028001335,OP,,,,,14,18,8
851,CC015,T028001405,OP,,,,,14,18,10
852,CC016,T028001255,OP,,,,,14,18,7
853,CC017,T028001687,OP,,,,,14,18,11
854,CC018,T028001299,OP,,,,,14,18,13
855,CC019,T028001316,OP,,,,,14,18,14
856,CC020,T028001196,OP,,,,,14,18,73
857,CC021,T028001212,OP,,,,,14,18,74
858,CC022,T028001357,OP,,,,,14,18,15
859,CC023,T028001194,OP,,,,,14,18,43
860,CC024,T028001240,OP,,,,,14,18,41
861,CC025,T028001250,OP,,,,,14,18,38
862,CC026,T028001319,OP,,,,,14,18,42
863,CC027,T028002441,OP,,,,,14,18,36
864,CC028,T028002668,OP,,,,,14,18,52
865,CC029,T028002658,OP,,,,,14,18,53
866,CC030,XXX-00062,OP,,,,,14,18,54
867,CC031,T028001388,OP,,,,,14,18,39
868,CC032,T028001252,OP,,,,,14,18,40
869,CC033,T028001184,OP,,,,,14,18,46
870,CC034,T028001257,OP,,,,,14,18,37
871,CC035,T028001407,OP,,,,,14,18,47
872,CC036,T028001211,OP,,,,,14,18,44
873,CC037,T028002666,OP,,,,,14,18,49
874,CC038,T028002644,OP,,,,,14,18,48
875,CC039,T028002656,OP,,,,,14,18,51
876,CC040,T028002685,OP,,,,,14,18,50
877,CC041,T028001703,OP,,,,,14,18,29
878,CC042,T028001358,OP,,,,,14,18,27
879,CC043,T028001340,OP,,,,,14,18,23
880,CC044,T028001231,OP,,,,,14,18,32
881,CC045,T028001683,OP,,,,,14,18,31
882,CC046,T028001202,OP,,,,,14,18,30
883,CC047,T028001343,OP,,,,,14,18,22
884,CC048,T028002683,OP,,,,,14,18,78
885,CC049,T028001087,OP,,,,,14,18,81
886,CC050,T028002677,OP,,,,,14,18,82
887,CC051,T028001321,OP,,,,,14,18,9
888,CC052,T028001387,OP,,,,,14,18,9
889,CC053,T028001258,OP,,,,,14,18,12
890,CC054,T028001313,OP,,,,,14,18,4
891,CC055,T028001254,OP,,,,,14,18,3
892,CC056,T028001083,OP,,,,,14,18,17
893,CC057,T028001410,OP,,,,,14,18,2
894,CC058,T028001325,OP,,,,,14,18,45
895,CC059,T028002457,OP,,,,,14,18,1
896,CC060,T028001338,OP,,,,,14,18,34
897,CC061,T028002446,OP,,,,,14,18,35
898,CC062,T028001348,OP,,,,,14,18,33
899,CC063,T028001296,OP,,,,,14,18,70
900,CC064,T028001311,OP,,,,,14,18,71
901,CC065,T028001336,OP,,,,,14,18,72
902,CC066,T028002678,OP,,,,,14,18,69
903,CC067,T028002659,OP,,,,,14,18,68
904,CC068,T028002635,OP,,,,,14,18,67
905,CC069,T028002655,OP,,,,,14,18,60
906,CC070,T028002631,OP,,,,,14,18,58
907,CC071,T028001332,OP,,,,,14,18,57
908,CC072,T028002676,OP,,,,,14,18,56
909,CC073,T028002687,OP,,,,,14,18,55
910,CC074,T028002647,OP,,,,,14,18,64
911,CC075,T028002626,OP,,,,,14,18,63
912,CC076,T028002648,OP,,,,,14,18,61
913,CC077,T028002653,OP,,,,,14,18,66
914,CC078,T028001236,OP,,,,,14,18,65
915,CC079,T028002670,OP,,,,,14,18,62
916,CC080,T028002452,OP,,,,,14,18,79
917,CC081,T028002665,OP,,,,,14,18,83
918,CC082,T028002664,OP,,,,,14,18,84
919,CC083,T028002623,OP,,,,,14,18,85
920,CC084,T028001403,OP,,,,,14,18,86
921,CC085,T028001399,OP,,,,,14,18,87
922,CC086,T028002642,OP,,,,,14,18,97
923,CC087,XXX-00063,OP,,,,,14,18,18
924,CC088,T028001189,OP,,,,,14,18,28
925,CC089,T028001334,OP,,,,,14,18,19
926,CC090,T028001317,OP,,,,,14,18,24
927,CC091,T028001696,OP,,,,,14,18,25
928,CC092,T028001302,OP,,,,,14,18,26
929,CC093,T028001300,OP,,,,,14,18,21
930,CC094,T028001692,OP,,,,,14,18,20
931,CC095,T028002662,OP,,,,,14,18,75
932,CC096,T028001187,OP,,,,,14,18,76
933,CC097,T028002444,OP,,,,,14,18,77
934,CC098,T028001220,OP,,,,,14,18,6
935,CC099,T028001381,OP,,,,,14,18,5
936,CC0100,T028001674,OP,,,,,14,18,8
937,CC0101,T028001690,OP,,,,,14,18,10
938,CC0102,T028001314,OP,,,,,14,18,7
939,CC0103,T028001398,OP,,,,,14,18,11
940,CC0104,T028001394,OP,,,,,14,18,13
941,CC0105,T028001246,OP,,,,,14,18,14
942,CC0106,T028001227,OP,,,,,14,18,73
943,CC0107,T028002442,OP,,,,,14,18,74
944,CC0108,T028001324,OP,,,,,14,18,15
945,CC0109,T028001408,OP,,,,,14,18,43
946,CC0110,T028001304,OP,,,,,14,18,41
947,CC0111,T028001330,OP,,,,,14,18,38
948,CC0112,T028002443,OP,,,,,14,18,42
949,CC0113,T028001318,OP,,,,,14,18,36
950,CC0114,T028002652,OP,,,,,14,18,52
951,CC0115,T028002643,OP,,,,,14,18,53
952,CC0116,T028002458,OP,,,,,14,18,54
953,CC0117,T028001341,OP,,,,,14,18,39
954,CC0118,T028001186,OP,,,,,14,18,40
955,CC0119,T028001392,OP,,,,,14,18,46
956,CC0120,T028001359,OP,,,,,14,18,37
957,CC0121,T028001243,OP,,,,,14,18,47
958,CC0122,T028001177,OP,,,,,14,18,44
959,CC0123,T028002649,OP,,,,,14,18,49
960,CC0124,T028002629,OP,,,,,14,18,48
961,CC0125,T028002657,OP,,,,,14,18,51
962,CC0126,T028002628,OP,,,,,14,18,50
963,CC0127,T028001389,OP,,,,,14,18,29
964,CC0128,T028001249,OP,,,,,14,18,27
965,CC0129,T028001307,OP,,,,,14,18,23
966,CC0130,T028001230,OP,,,,,14,18,32
967,CC0131,T028001386,OP,,,,,14,18,31
968,CC0132,T028001208,OP,,,,,14,18,30
969,CC0133,T028001190,OP,,,,,14,18,22
970,CC0134,T028002646,OP,,,,,14,18,78
971,CC0135,T028001086,OP,,,,,14,18,81
972,CC0136,T028001182,OP,,,,,14,18,82
973,CC0137,T028001244,OP,,,,,14,18,9
974,CC0138,T028001237,OP,,,,,14,18,9
975,CC0139,T028001224,OP,,,,,14,18,12
976,CC0140,T028001328,OP,,,,,14,18,4
977,CC0141,T028001396,OP,,,,,14,18,3
978,CC0142,T028001085,OP,,,,,14,18,17
979,CC0143,T028001416,OP,,,,,14,18,2
980,CC0144,T028001176,OP,,,,,14,18,45
981,CC0145,T028002456,OP,,,,,14,18,1
982,CC0146,T028001417,OP,,,,,14,18,34
983,CC0147,T028002445,OP,,,,,14,18,35
984,CC0148,T028001253,OP,,,,,14,18,33
985,CC0149,T028001185,OP,,,,,14,18,70
986,CC0150,T028001312,OP,,,,,14,18,71
987,CC0151,T028001303,OP,,,,,14,18,72
988,CC0152,T028002675,OP,,,,,14,18,69
989,CC0153,T028002645,OP,,,,,14,18,68
990,CC0154,T028002660,OP,,,,,14,18,67
991,CC0155,T028002681,OP,,,,,14,18,60
992,CC0156,T028002602,OP,,,,,14,18,58
993,CC0157,T028001400,OP,,,,,14,18,57
994,CC0158,T028002688,OP,,,,,14,18,56
995,CC0159,T028002691,OP,,,,,14,18,55
996,CC0160,T028002672,OP,,,,,14,18,64
997,CC0161,T028002682,OP,,,,,14,18,63
998,CC0162,T028002671,OP,,,,,14,18,61
999,CC0163,T028002640,OP,,,,,14,18,66
1000,CC0164,XXX-00064,OP,,,,,14,18,65
1001,CC0165,T028002669,OP,,,,,14,18,62
1002,CC0166,T028002462,OP,,,,,14,18,79
1003,CC0167,T028002636,OP,,,,,14,18,83
1004,CC0168,T028002625,OP,,,,,14,18,84
1005,CC0169,T028002661,OP,,,,,14,18,85
1006,CC0170,T028002594,OP,,,,,14,18,86
1007,CC0171,T028001262,OP,,,,,14,18,87
1008,CC0172,T028001346,OP,,,,,14,18,97
1009,CC0173,T028001315,OP,,,,,14,18,19
1010,CC0174,T028001397,OP,,,,,14,18,24
1011,CC0175,T028001261,OP,,,,,14,18,25
1012,CC0176,T028001694,OP,,,,,14,18,20
1013,CC0177,T028001682,OP,,,,,14,18,8
1014,CC0178,T028001705,OP,,,,,14,18,7
1015,CC0179,T028001322,OP,,,,,14,18,13
1016,CC0180,T028001226,OP,,,,,14,18,38
1017,CC0181,T028002447,OP,,,,,14,18,54
1018,CC0182,T028001203,OP,,,,,14,18,40
1019,CC0183,T028001345,OP,,,,,14,18,46
1020,CC0184,T028002654,OP,,,,,14,18,51
1021,CC0185,T028001234,OP,,,,,14,18,29
1022,CC0186,T028001347,OP,,,,,14,18,23
1023,CC0187,T028001206,OP,,,,,14,18,32
1024,CC0188,T028001245,OP,,,,,14,18,9
1025,CC0189,T028001200,OP,,,,,14,18,3
1026,CC0190,T028001215,OP,,,,,14,18,2
1027,CC0191,T028001327,OP,,,,,14,18,1
1028,CC0192,T028001414,OP,,,,,14,18,34
1029,CC0193,T028001337,OP,,,,,14,18,33
1030,CC0194,T028001235,OP,,,,,14,18,70
1031,CC0195,T028001395,OP,,,,,14,18,71
1032,CC0196,T028002599,OP,,,,,14,18,69
1033,CC0197,T028002686,OP,,,,,14,18,68
1034,CC0198,T028001339,OP,,,,,14,18,57
1035,CC0199,T028002641,OP,,,,,14,18,56
1036,CC0200,T028002651,OP,,,,,14,18,55
1037,CC0201,T028002639,OP,,,,,14,18,63
1038,CC0202,T028002673,OP,,,,,14,18,61
1039,CC0203,T028002627,OP,,,,,14,18,66
1040,CC0204,T028002438,OP,,,,,14,18,65
1041,CC0205,T028002674,OP,,,,,14,18,62
1042,CC0206,T028002460,OP,,,,,14,18,79
1043,CC0207,T028002689,OP,,,,,14,18,83
1044,CC0208,T028001241,OP,,,,,14,18,19
1045,CC0209,T028001320,OP,,,,,14,18,24
1046,CC0210,T028001385,OP,,,,,14,18,25
1047,CC0211,T028001213,OP,,,,,14,18,20
1048,CC0212,T028001678,OP,,,,,14,18,8
1049,CC0213,T028001354,OP,,,,,14,18,7
1050,CC0214,T028001242,OP,,,,,14,18,13
1051,CC0215,T028001326,OP,,,,,14,18,38
1052,CC0216,T028001251,OP,,,,,14,18,54
1053,CC0217,T028001222,OP,,,,,14,18,40
1054,CC0218,T028001297,OP,,,,,14,18,46
1055,CC0219,T028002600,OP,,,,,14,18,51
1056,CC0220,T028001342,OP,,,,,14,18,29
1057,CC0221,T028001329,OP,,,,,14,18,23
1058,CC0222,T028001308,OP,,,,,14,18,32
1059,CC0223,T028001195,OP,,,,,14,18,9
1060,CC0224,T028001406,OP,,,,,14,18,3
1061,CC0225,T028001197,OP,,,,,14,18,2
1062,CC0226,T028001383,OP,,,,,14,18,1
1063,CC0227,T028001298,OP,,,,,14,18,34
1064,CC0228,T028002451,OP,,,,,14,18,33
1065,CC0229,T028001248,OP,,,,,14,18,70
1066,CC0230,T028001205,OP,,,,,14,18,71
1067,CC0231,T028002603,OP,,,,,14,18,69
1068,CC0232,T028002604,OP,,,,,14,18,68
1069,CC0233,T028001305,OP,,,,,14,18,57
1070,CC0234,T028002690,OP,,,,,14,18,56
1071,CC0235,T028002630,OP,,,,,14,18,55
1072,CC0236,T028002638,OP,,,,,14,18,63
1073,CC0237,T028002622,OP,,,,,14,18,61
1074,CC0238,T028002667,OP,,,,,14,18,66
1075,CC0239,XXX-00065,OP,,,,,14,18,65
1076,CC0240,T028002633,OP,,,,,14,18,62
1077,CC0241,T028001352,OP,,,,,14,18,79
1078,CC0242,T028002634,OP,,,,,14,18,83
1079,LT001,76815,OP,,,3.7.0,,11,,89
1080,PGM588,M03140575721,OP,,,,,1,1,95
1081,pgm598,M03140571321,OP,,,,,1,1,95
1082,ALRP145,240200-E24,OP,,,6,,21,19,95
1083,ALRP132,187141D21,OP,,,,,21,19,95
1084,AM56,W01B00002604,OP,,,1.12,,7,11,95
1085,ALRP167,241163,OP,,,,,21,19,95
1086,AM37,W01B00002603,OP,,,1.12,,7,11,95
1087,ALRP133,2.40204E+029,OP,,,,,21,19,95
1088,ALRP156,241172,OP,,,,,21,19,95
1089,ALRP147,241173F24,OP,,,6,,21,19,95
1090,ALRP149,227744I24,OP,,,6,,21,19,95
1091,ALRP148,243520g24,OP,,,6,,21,19,95
1092,XAM012,ARLA0040,OP,,,,VOLATILE,22,,95
1093,XAM002,ALRP0042,OP,,,,TOXIC,22,21,95
1094,XAM013,ALRP0037,OP,,,,FIRE,22,,95
1095,XAM007,ARLA0036,OP,,,1.04.14,,22,22,95
1096,XAM006,ALRP0044,OP,,,1.04.14,,22,21,95
1097,XAM005,ALRP0041,OP,,,1.04.14,,22,23,95
1098,ALRP146,240197-E24,OP,,,6,,21,19,95
1099,ALRP160,200676-A23,OP,,,6,,21,19,95
1100,ALRP169,243516-G24,OP,,,6,,21,19,95
1101,ALRP168,241156-F24,OP,,,6,,21,19,95
1102,ALRP157,200643-A23,OP,,,6,,21,19,95
1103,ALRP137,187150-D21,OP,,,6,,21,19,95
1104,ALRP154,243517-G24,OP,,,6,,21,19,95
1105,ALRP159,240203-E24,OP,,,6,,21,19,95
1106,AM30,WO1B00000781,OP,,,1.12,,7,11,95
1107,AM38,WO1B00002606,OP,,,1.12,,7,11,95
1108,AM54,WO1B00002605,OP,,,1.12,,7,11,95
1109,AM62,WO1B00002497,OP,,,1.12,,7,11,95
