id,report_dt,reported_by,status,fault_type,submit_notes,resolved_by,resolve_dt,resolve_notes,detector_id,report_location_id
1,2026-03-23,reg 12297,CL,BF,Failed HCN bump x 2,Wal,2026-03-23,Serviced and Calibrated,236,98
2,2026-03-24,Simon Taylor,CL,BF,Failed HCN bump,Wally,2026-03-24,"Inspected Unit. Calibrated, Verified OK.",460,106
3,2026-03-25,WALLY,CL,SF,CO Sensor would not span cal.,Wally,2026-03-26,Replaced Sensor (warranty) Cal'd unit all ok.,660,95
4,2026-03-20,LFF CURRAN,CL,BF,HCN FAILED BUMP X 2,Wally,2026-03-26,"Serviced Unit, Checked config, 
sensors and filter, Calibrated, All ok",9,11
5,2026-03-16,d.phillips,CL,SF,"LEL high reading, will not zero.",Wally,2026-03-26,"Serviced Unit, Checked config, 
sensors and filter, Calibrated, All ok",474,1
6,2026-03-14,LFFMACKEY,CL,BF,FAILED BUMP X 2,Wally,2026-03-26,"Serviced Unit, Checked config, 
sensors and filter, Calibrated, All ok",220,36
7,2026-03-25,LFF MURTACH,CL,BF,DUE FOR CAL,Wally,2026-03-26,"Serviced Unit, Checked config, 
sensors and filter, Calibrated, All ok",302,18
8,2026-03-25,FF ENSTACK,CL,SF,STUCK IN LEL,Wally,2026-03-26,"Serviced Unit, Checked config, 
sensors and filter, Calibrated, All ok",583,9
9,2026-03-25,LFF ENSTEAC,CL,SF,LEL IN ALARM,Wally,2026-03-26,"Serviced Unit, Checked config, 
sensors and filter, Calibrated, All ok",583,9
10,2026-03-25,QFF STEPHENS,CL,BF,HCN FAILED X 2 BUMP TESTS,Wally,2026-03-26,"Serviced Unit, Checked config, 
sensors and filter, Calibrated, All ok",193,40
11,2026-03-18,SO DAMMOUS,CL,BF,FAILED HCN X 2 BUMPS,Wally,2026-03-26,"Serviced Unit, Checked config, 
sensors and filter, Calibrated, All ok",181,46
12,2026-03-12,FS31,CL,BF,HCN FAILED BUMP X 2,Wally,2026-03-26,"Serviced Unit, Checked config, 
sensors and filter, Calibrated, All ok",148,29
13,2026-03-24,Conner,CL,WS,Will not indentify in Cal dock,Wally,2026-03-26,Found Ribbon loose on board. Re-attached and all ok now.,446,98
14,2026-03-18,Ruby,CL,DE,Wrong Date/Time,Wally,2026-03-27,Updated Config setting.,623,89
15,2026-03-10,fs 02,CL,WS,"Wont turn on, charged all day",Wally,2026-03-30,Battery Repalced,42,98
16,2026-03-28,ROB,CL,DE,"UNIT STUCK IN ALARM, AND WILL NOT REGISTER IN DOCK",Wally,2026-03-30,"Found ribbon loose internally, re-attached and all ok.",87,2
17,2026-04-01,tom,OP,DE,not identifying in dock,,,,118,99
18,2026-04-01,??,CL,BF,failed bump x 2 HCN,Wally,2026-04-01,"Serviced Unit, Checked config, 
sensors and filter, Calibrated, All ok",251,19
19,2026-04-01,???,CL,BF,FAILED BUMP X X 2 HCN,Wally,2026-04-01,"Serviced Unit, Checked config, 
sensors and filter, Calibrated, All ok",129,27
20,2026-03-31,ash,CL,BF,failed bump x 2 HCN,Wally,2026-04-01,"Serviced Unit, Checked config, 
sensors and filter, Calibrated, All ok",281,29
21,2026-04-01,??,CL,BF,Failed Bump x 2,Wally,2026-04-01,"Serviced Unit, Checked config, 
sensors and filter, Calibrated, All ok",398,110
22,2026-04-01,Peter,CL,BF,Failed O2 bump and cal,Wally,2026-04-27,"Serviced Unit, Checked config, Cleaned pump, Replaced filters, All ok",608,89
23,2026-04-01,Moloney,CL,BF,Failed Bump x 2 HCN,Wally,2026-04-01,"Serviced Unit, Checked config, 
sensors and filter, Calibrated, All ok",296,29
24,2026-04-01,llf donaldson,CL,CE,Cal due,Wally,2026-04-01,"Serviced Unit, Checked config, 
sensors and filter, Calibrated, All ok",23,54
25,2026-04-08,??,CL,WS,WONT TURN ON,Wally,2026-04-08,REPLCED AGED BATTERY,33,6
26,2026-04-08,llf crabtree,CL,DE,"Passed Bump, but continued to alarm",Wally,2026-04-08,"Due for Cal
Serviced Unit, Checked Config, Checked sensors, Calibrated, All Ok",450,38
27,2026-04-08,??,CL,BF,failed bump,Wally,2026-04-08,"Serviced Unit, Checked Config, Checked sensors, Calibrated, All Ok",377,104
28,2026-04-08,??,OP,BF,failed bump,Wally,2026-04-08,"Serviced Unit, Checked Config, Checked sensors, Calibrated, All Ok",86,106
29,2026-04-03,FF thomson,CL,BF,FAILED BUMP X 2 HCN,Wally,2026-04-08,"Serviced Unit, Checked Config, Checked sensors, Calibrated, All Ok",381,33
30,2026-04-08,LFF KELLY,CL,WS,"WILL NOT TURN ON, NOT CHARGING",Wally,2026-04-08,"Serviced Unit, Checked Config, Checked sensors, Calibrated, All Ok REPLACED BATTERY",54,15
31,2026-04-13,??,CL,BF,FAILED BUMP X 2,Wally,2026-04-13,"Serviced Unit, Checked Config, Checked sensors, Calibrated, All Ok",406,111
32,2026-04-13,DANIEL,CL,BF,FAILED BUMP,Wally,2026-04-13,"Serviced Unit, Checked Config, Checked sensors, Calibrated, All Ok",322,111
33,2026-04-13,QFF HAMPSON,CL,BF,FAILED BUMP X 2 HCN,Wally,2026-04-13,"Serviced Unit, Checked Config, Checked sensors, Calibrated, All Ok",203,13
34,2026-04-13,??,CL,BF,failed bump x 2 hcn,Wally,2026-04-13,"Serviced Unit, Checked Config, Checked sensors, Calibrated, All Ok",304,7
35,2026-04-08,LFF BEN,CL,BF,FAILED HCN BUMP X 2,Wally,2026-04-13,"Serviced Unit, Checked Config, Checked sensors, Calibrated, All Ok",528,111
36,2026-04-10,??,CL,BF,FAILED BUMP X 2 HCN,Wally,2026-04-13,"Serviced Unit, Checked Config, Checked sensors, Calibrated, All Ok",73,104
37,2026-04-20,Sonja,CL,BF,O2 high reading,Wally,2026-04-20,"Inspected unit, re-calibrated. no fault found",675,90
38,2026-04-27,??,CL,BF,failed bump CO,Wally,2026-05-04,"Calibrated, All Ok",417,9
39,2026-04-28,??,CL,SF,CO failed,Wally,2026-05-04,Replaced Sensor and Calibrated,414,9
40,2026-05-11,??,CL,BF,failed bump,Wally,2026-05-12,No fault found,583,19
41,2026-04-17,??,CL,DE,PUMP WOULD NOT STALL,Wally,2026-04-20,"Serviced Unit, Checked config, Cleaned pump, Replaced filters, All ok",631,89
42,2026-04-17,,CL,DC,Probe quick release failed,Wally,2026-05-13,"Replaced quickrelease, Serviced Unit, Checked config, Cleaned pump, Replaced filters, All ok",626,33
43,2026-05-19,N.Perkins,CL,DE,"Nufarm Incident, Detector saturated",Wally,2026-05-20,"Repaired Unit, cleaned out pump and replaced hoses. Cleaned lamp and PID sensor. Manually spanned, all tests passed.",618,89
44,2026-05-19,N.Perkins,OP,DE,"Pump fault, PID fault",Wally,2026-05-20,"Repaired Unit, cleaned out pump and replaced hoses. Cleaned lamp and PID sensor. Manually spanned, all tests passed",623,89
45,2026-06-01,WALLY,OP,DE,POST Nufarm Incident service,,,"Repaired Unit, cleaned out pump and replaced filters. Cleaned lamp and PID sensor. Manually spanned, all tests passed",668,89
46,2026-05-26,WALLY,CL,DE,Post NUFARM incident service,,2026-05-27,"Serviced Unit, Replaced Filter and Orings, Cleaned lamp and pid sensor, all tests OK",670,89
47,2026-05-18,WALLY,CL,DE,Post NUFARM incident service,Wally,2026-05-20,"Serviced Unit, Replaced Filter and Orings, Cleaned lamp and pid sensor, all tests OK",607,89
48,2026-05-18,WALLY,CL,DE,Post NUFARM incident service,Wally,2026-05-19,"Serviced Unit, Replaced Filter and Orings, Cleaned pump, all tests OK",610,89
