id,location,detector,updated
1,8,1,2026-08-30 00:08:59.977962+00:00
2,96,2,2026-08-30 00:08:59.977962+00:00
3,109,3,2026-08-30 00:08:59.977962+00:00
4,95,4,2026-08-30 00:08:59.977962+00:00
5,110,5,2026-08-30 00:08:59.977962+00:00
6,106,6,2026-08-30 00:08:59.977962+00:00
7,95,7,2026-08-30 00:08:59.977962+00:00
8,95,8,2026-08-30 00:08:59.977962+00:00
9,111,9,2026-08-30 00:08:59.977962+00:00
10,95,10,2026-08-30 00:08:59.977962+00:00
11,95,11,2026-08-30 00:08:59.977962+00:00
12,98,12,2026-08-30 00:08:59.977962+00:00
13,95,13,2026-08-30 00:08:59.977962+00:00
14,95,14,2026-08-30 00:08:59.977962+00:00
15,103,15,2026-08-30 00:08:59.977962+00:00
16,112,16,2026-08-30 00:08:59.977962+00:00
17,98,17,2026-08-30 00:08:59.977962+00:00
18,95,18,2026-08-30 00:08:59.977962+00:00
19,95,19,2026-08-30 00:08:59.977962+00:00
20,95,20,2026-08-30 00:08:59.977962+00:00
21,95,21,2026-08-30 00:08:59.977962+00:00
22,95,22,2026-08-30 00:08:59.977962+00:00
23,19,23,2026-08-30 00:08:59.977962+00:00
24,95,24,2026-08-30 00:08:59.977962+00:00
25,98,25,2026-08-30 00:08:59.977962+00:00
26,95,26,2026-08-30 00:08:59.977962+00:00
27,95,27,2026-08-30 00:08:59.977962+00:00
28,95,28,2026-08-30 00:08:59.977962+00:00
29,95,29,2026-08-30 00:08:59.977962+00:00
30,95,30,2026-08-30 00:08:59.977962+00:00
31,95,31,2026-08-30 00:08:59.977962+00:00
32,95,32,2026-08-30 00:08:59.977962+00:00
33,40,33,2026-08-30 00:08:59.977962+00:00
34,95,34,2026-08-30 00:08:59.977962+00:00
35,111,35,2026-08-30 00:08:59.977962+00:00
36,95,36,2026-08-30 00:08:59.977962+00:00
37,95,37,2026-08-30 00:08:59.977962+00:00
38,111,38,2026-08-30 00:08:59.977962+00:00
39,95,39,2026-08-30 00:08:59.977962+00:00
40,95,40,2026-08-30 00:08:59.977962+00:00
41,98,41,2026-08-30 00:08:59.977962+00:00
42,95,42,2026-08-30 00:08:59.977962+00:00
43,95,43,2026-08-30 00:08:59.977962+00:00
44,95,44,2026-08-30 00:08:59.977962+00:00
45,100,45,2026-08-30 00:08:59.977962+00:00
46,112,46,2026-08-30 00:08:59.977962+00:00
47,95,47,2026-08-30 00:08:59.977962+00:00
48,40,48,2026-08-30 00:08:59.977962+00:00
49,95,49,2026-08-30 00:08:59.977962+00:00
50,95,50,2026-08-30 00:08:59.977962+00:00
51,95,51,2026-08-30 00:08:59.977962+00:00
52,95,52,2026-08-30 00:08:59.977962+00:00
53,95,53,2026-08-30 00:08:59.977962+00:00
54,95,54,2026-08-30 00:08:59.977962+00:00
55,95,55,2026-08-30 00:08:59.977962+00:00
56,95,56,2026-08-30 00:08:59.977962+00:00
57,106,57,2026-08-30 00:08:59.977962+00:00
58,95,58,2026-08-30 00:08:59.977962+00:00
59,98,59,2026-08-30 00:08:59.977962+00:00
60,95,60,2026-08-30 00:08:59.977962+00:00
61,95,61,2026-08-30 00:08:59.977962+00:00
62,111,62,2026-08-30 00:08:59.977962+00:00
63,111,63,2026-08-30 00:08:59.977962+00:00
64,110,64,2026-08-30 00:08:59.977962+00:00
65,95,65,2026-08-30 00:08:59.977962+00:00
66,23,66,2026-08-30 00:08:59.977962+00:00
67,95,67,2026-08-30 00:08:59.977962+00:00
68,41,68,2026-08-30 00:08:59.977962+00:00
69,54,69,2026-08-30 00:08:59.977962+00:00
70,95,70,2026-08-30 00:08:59.977962+00:00
71,95,71,2026-08-30 00:08:59.977962+00:00
72,100,72,2026-08-30 00:08:59.977962+00:00
73,95,73,2026-08-30 00:08:59.977962+00:00
74,97,74,2026-08-30 00:08:59.977962+00:00
75,95,75,2026-08-30 00:08:59.977962+00:00
76,27,76,2026-08-30 00:08:59.977962+00:00
77,95,77,2026-08-30 00:08:59.977962+00:00
78,95,78,2026-08-30 00:08:59.977962+00:00
79,33,79,2026-08-30 00:08:59.977962+00:00
80,106,80,2026-08-30 00:08:59.977962+00:00
81,95,81,2026-08-30 00:08:59.977962+00:00
82,98,82,2026-08-30 00:08:59.977962+00:00
83,95,83,2026-08-30 00:08:59.977962+00:00
84,98,84,2026-08-30 00:08:59.977962+00:00
85,95,85,2026-08-30 00:08:59.977962+00:00
86,40,86,2026-08-30 00:08:59.977962+00:00
87,95,87,2026-08-30 00:08:59.977962+00:00
88,95,88,2026-08-30 00:08:59.977962+00:00
89,95,89,2026-08-30 00:08:59.977962+00:00
90,95,90,2026-08-30 00:08:59.977962+00:00
91,95,91,2026-08-30 00:08:59.977962+00:00
92,95,92,2026-08-30 00:08:59.977962+00:00
93,100,93,2026-08-30 00:08:59.977962+00:00
94,95,94,2026-08-30 00:08:59.977962+00:00
95,95,95,2026-08-30 00:08:59.977962+00:00
96,95,96,2026-08-30 00:08:59.977962+00:00
97,95,97,2026-08-30 00:08:59.977962+00:00
98,95,98,2026-08-30 00:08:59.977962+00:00
99,95,99,2026-08-30 00:08:59.977962+00:00
100,8,100,2026-08-30 00:08:59.977962+00:00
101,40,101,2026-08-30 00:08:59.977962+00:00
102,95,102,2026-08-30 00:08:59.977962+00:00
103,40,103,2026-08-30 00:08:59.977962+00:00
104,95,104,2026-08-30 00:08:59.977962+00:00
105,95,105,2026-08-30 00:08:59.977962+00:00
106,95,106,2026-08-30 00:08:59.977962+00:00
107,95,107,2026-08-30 00:08:59.977962+00:00
108,95,108,2026-08-30 00:08:59.977962+00:00
109,95,109,2026-08-30 00:08:59.977962+00:00
110,95,110,2026-08-30 00:08:59.977962+00:00
111,95,111,2026-08-30 00:08:59.977962+00:00
112,95,112,2026-08-30 00:08:59.977962+00:00
113,95,113,2026-08-30 00:08:59.977962+00:00
114,95,114,2026-08-30 00:08:59.977962+00:00
115,106,115,2026-08-30 00:08:59.977962+00:00
116,95,116,2026-08-30 00:08:59.977962+00:00
117,111,117,2026-08-30 00:08:59.977962+00:00
118,95,118,2026-08-30 00:08:59.977962+00:00
119,95,119,2026-08-30 00:08:59.977962+00:00
120,110,120,2026-08-30 00:08:59.977962+00:00
121,95,121,2026-08-30 00:08:59.977962+00:00
122,95,122,2026-08-30 00:08:59.977962+00:00
123,95,123,2026-08-30 00:08:59.977962+00:00
124,6,124,2026-08-30 00:08:59.977962+00:00
125,95,125,2026-08-30 00:08:59.977962+00:00
126,95,126,2026-08-30 00:08:59.977962+00:00
127,95,127,2026-08-30 00:08:59.977962+00:00
128,96,128,2026-08-30 00:08:59.977962+00:00
129,106,129,2026-08-30 00:08:59.977962+00:00
130,95,130,2026-08-30 00:08:59.977962+00:00
131,106,131,2026-08-30 00:08:59.977962+00:00
132,95,132,2026-08-30 00:08:59.977962+00:00
133,95,133,2026-08-30 00:08:59.977962+00:00
134,95,134,2026-08-30 00:08:59.977962+00:00
135,95,135,2026-08-30 00:08:59.977962+00:00
136,95,136,2026-08-30 00:08:59.977962+00:00
137,95,137,2026-08-30 00:08:59.977962+00:00
138,110,138,2026-08-30 00:08:59.977962+00:00
139,95,139,2026-08-30 00:08:59.977962+00:00
140,95,140,2026-08-30 00:08:59.977962+00:00
141,95,141,2026-08-30 00:08:59.977962+00:00
142,95,142,2026-08-30 00:08:59.977962+00:00
143,95,143,2026-08-30 00:08:59.977962+00:00
144,95,144,2026-08-30 00:08:59.977962+00:00
145,95,145,2026-08-30 00:08:59.977962+00:00
146,95,146,2026-08-30 00:08:59.977962+00:00
147,98,147,2026-08-30 00:08:59.977962+00:00
148,95,148,2026-08-30 00:08:59.977962+00:00
149,110,149,2026-08-30 00:08:59.977962+00:00
150,95,150,2026-08-30 00:08:59.977962+00:00
151,95,151,2026-08-30 00:08:59.977962+00:00
152,95,152,2026-08-30 00:08:59.977962+00:00
153,95,153,2026-08-30 00:08:59.977962+00:00
154,95,154,2026-08-30 00:08:59.977962+00:00
155,95,155,2026-08-30 00:08:59.977962+00:00
156,95,156,2026-08-30 00:08:59.977962+00:00
157,106,157,2026-08-30 00:08:59.977962+00:00
158,110,158,2026-08-30 00:08:59.977962+00:00
159,95,159,2026-08-30 00:08:59.977962+00:00
160,98,160,2026-08-30 00:08:59.977962+00:00
161,110,161,2026-08-30 00:08:59.977962+00:00
162,95,162,2026-08-30 00:08:59.977962+00:00
163,95,163,2026-08-30 00:08:59.977962+00:00
164,98,164,2026-08-30 00:08:59.977962+00:00
165,95,165,2026-08-30 00:08:59.977962+00:00
166,95,166,2026-08-30 00:08:59.977962+00:00
167,95,167,2026-08-30 00:08:59.977962+00:00
168,95,168,2026-08-30 00:08:59.977962+00:00
169,114,169,2026-08-30 00:08:59.977962+00:00
170,95,170,2026-08-30 00:08:59.977962+00:00
171,95,171,2026-08-30 00:08:59.977962+00:00
172,95,172,2026-08-30 00:08:59.977962+00:00
173,95,173,2026-08-30 00:08:59.977962+00:00
174,95,174,2026-08-30 00:08:59.977962+00:00
175,95,175,2026-08-30 00:08:59.977962+00:00
176,95,176,2026-08-30 00:08:59.977962+00:00
177,95,177,2026-08-30 00:08:59.977962+00:00
178,95,178,2026-08-30 00:08:59.977962+00:00
179,95,179,2026-08-30 00:08:59.977962+00:00
180,100,180,2026-08-30 00:08:59.977962+00:00
181,95,181,2026-08-30 00:08:59.977962+00:00
182,40,182,2026-08-30 00:08:59.977962+00:00
183,99,183,2026-08-30 00:08:59.977962+00:00
184,95,184,2026-08-30 00:08:59.977962+00:00
185,111,185,2026-08-30 00:08:59.977962+00:00
186,95,186,2026-08-30 00:08:59.977962+00:00
187,95,187,2026-08-30 00:08:59.977962+00:00
188,40,188,2026-08-30 00:08:59.977962+00:00
189,98,189,2026-08-30 00:08:59.977962+00:00
190,95,190,2026-08-30 00:08:59.977962+00:00
191,95,191,2026-08-30 00:08:59.977962+00:00
192,95,192,2026-08-30 00:08:59.977962+00:00
193,103,193,2026-08-30 00:08:59.977962+00:00
194,110,194,2026-08-30 00:08:59.977962+00:00
195,95,195,2026-08-30 00:08:59.977962+00:00
196,95,196,2026-08-30 00:08:59.977962+00:00
197,95,197,2026-08-30 00:08:59.977962+00:00
198,95,198,2026-08-30 00:08:59.977962+00:00
199,95,199,2026-08-30 00:08:59.977962+00:00
200,95,200,2026-08-30 00:08:59.977962+00:00
201,95,201,2026-08-30 00:08:59.977962+00:00
202,95,202,2026-08-30 00:08:59.977962+00:00
203,54,203,2026-08-30 00:08:59.977962+00:00
204,95,204,2026-08-30 00:08:59.977962+00:00
205,111,205,2026-08-30 00:08:59.977962+00:00
206,95,206,2026-08-30 00:08:59.977962+00:00
207,95,207,2026-08-30 00:08:59.977962+00:00
208,95,208,2026-08-30 00:08:59.977962+00:00
209,95,209,2026-08-30 00:08:59.977962+00:00
210,95,210,2026-08-30 00:08:59.977962+00:00
211,111,211,2026-08-30 00:08:59.977962+00:00
212,95,212,2026-08-30 00:08:59.977962+00:00
213,95,213,2026-08-30 00:08:59.977962+00:00
214,54,214,2026-08-30 00:08:59.977962+00:00
215,95,215,2026-08-30 00:08:59.977962+00:00
216,111,216,2026-08-30 00:08:59.977962+00:00
217,95,217,2026-08-30 00:08:59.977962+00:00
218,99,218,2026-08-30 00:08:59.977962+00:00
219,104,219,2026-08-30 00:08:59.977962+00:00
220,95,220,2026-08-30 00:08:59.977962+00:00
221,95,221,2026-08-30 00:08:59.977962+00:00
222,95,222,2026-08-30 00:08:59.977962+00:00
223,110,223,2026-08-30 00:08:59.977962+00:00
224,40,224,2026-08-30 00:08:59.977962+00:00
225,106,225,2026-08-30 00:08:59.977962+00:00
226,95,226,2026-08-30 00:08:59.977962+00:00
227,95,227,2026-08-30 00:08:59.977962+00:00
228,95,228,2026-08-30 00:08:59.977962+00:00
229,104,229,2026-08-30 00:08:59.977962+00:00
230,95,230,2026-08-30 00:08:59.977962+00:00
231,111,231,2026-08-30 00:08:59.977962+00:00
232,95,232,2026-08-30 00:08:59.977962+00:00
233,95,233,2026-08-30 00:08:59.977962+00:00
234,111,234,2026-08-30 00:08:59.977962+00:00
235,95,235,2026-08-30 00:08:59.977962+00:00
236,95,236,2026-08-30 00:08:59.977962+00:00
237,95,237,2026-08-30 00:08:59.977962+00:00
238,95,238,2026-08-30 00:08:59.977962+00:00
239,95,239,2026-08-30 00:08:59.977962+00:00
240,112,240,2026-08-30 00:08:59.977962+00:00
241,95,241,2026-08-30 00:08:59.977962+00:00
242,95,242,2026-08-30 00:08:59.977962+00:00
243,95,243,2026-08-30 00:08:59.977962+00:00
244,95,244,2026-08-30 00:08:59.977962+00:00
245,106,245,2026-08-30 00:08:59.977962+00:00
246,95,246,2026-08-30 00:08:59.977962+00:00
247,95,247,2026-08-30 00:08:59.977962+00:00
248,95,248,2026-08-30 00:08:59.977962+00:00
249,95,249,2026-08-30 00:08:59.977962+00:00
250,110,250,2026-08-30 00:08:59.977962+00:00
251,99,251,2026-08-30 00:08:59.977962+00:00
252,95,252,2026-08-30 00:08:59.977962+00:00
253,110,253,2026-08-30 00:08:59.977962+00:00
254,98,254,2026-08-30 00:08:59.977962+00:00
255,95,255,2026-08-30 00:08:59.977962+00:00
256,95,256,2026-08-30 00:08:59.977962+00:00
257,95,257,2026-08-30 00:08:59.977962+00:00
258,38,258,2026-08-30 00:08:59.977962+00:00
259,95,259,2026-08-30 00:08:59.977962+00:00
260,110,260,2026-08-30 00:08:59.977962+00:00
261,9,261,2026-08-30 00:08:59.977962+00:00
262,95,262,2026-08-30 00:08:59.977962+00:00
263,110,263,2026-08-30 00:08:59.977962+00:00
264,95,264,2026-08-30 00:08:59.977962+00:00
265,95,265,2026-08-30 00:08:59.977962+00:00
266,95,266,2026-08-30 00:08:59.977962+00:00
267,110,267,2026-08-30 00:08:59.977962+00:00
268,95,268,2026-08-30 00:08:59.977962+00:00
269,95,269,2026-08-30 00:08:59.977962+00:00
270,95,270,2026-08-30 00:08:59.977962+00:00
271,95,271,2026-08-30 00:08:59.977962+00:00
272,9,272,2026-08-30 00:08:59.977962+00:00
273,95,273,2026-08-30 00:08:59.977962+00:00
274,95,274,2026-08-30 00:08:59.977962+00:00
275,33,275,2026-08-30 00:08:59.977962+00:00
276,95,276,2026-08-30 00:08:59.977962+00:00
277,98,277,2026-08-30 00:08:59.977962+00:00
278,95,278,2026-08-30 00:08:59.977962+00:00
279,95,279,2026-08-30 00:08:59.977962+00:00
280,95,280,2026-08-30 00:08:59.977962+00:00
281,54,281,2026-08-30 00:08:59.977962+00:00
282,110,282,2026-08-30 00:08:59.977962+00:00
283,95,283,2026-08-30 00:08:59.977962+00:00
284,95,284,2026-08-30 00:08:59.977962+00:00
285,110,285,2026-08-30 00:08:59.977962+00:00
286,40,286,2026-08-30 00:08:59.977962+00:00
287,100,287,2026-08-30 00:08:59.977962+00:00
288,113,288,2026-08-30 00:08:59.977962+00:00
289,95,289,2026-08-30 00:08:59.977962+00:00
290,100,290,2026-08-30 00:08:59.977962+00:00
291,95,291,2026-08-30 00:08:59.977962+00:00
292,95,292,2026-08-30 00:08:59.977962+00:00
293,40,293,2026-08-30 00:08:59.977962+00:00
294,100,294,2026-08-30 00:08:59.977962+00:00
295,95,295,2026-08-30 00:08:59.977962+00:00
296,19,296,2026-08-30 00:08:59.977962+00:00
297,95,297,2026-08-30 00:08:59.977962+00:00
298,95,298,2026-08-30 00:08:59.977962+00:00
299,95,299,2026-08-30 00:08:59.977962+00:00
300,95,300,2026-08-30 00:08:59.977962+00:00
301,95,301,2026-08-30 00:08:59.977962+00:00
302,54,302,2026-08-30 00:08:59.977962+00:00
303,95,303,2026-08-30 00:08:59.977962+00:00
304,100,304,2026-08-30 00:08:59.977962+00:00
305,95,305,2026-08-30 00:08:59.977962+00:00
306,98,306,2026-08-30 00:08:59.977962+00:00
307,19,307,2026-08-30 00:08:59.977962+00:00
308,95,308,2026-08-30 00:08:59.977962+00:00
309,95,309,2026-08-30 00:08:59.977962+00:00
310,110,310,2026-08-30 00:08:59.977962+00:00
311,103,311,2026-08-30 00:08:59.977962+00:00
312,95,312,2026-08-30 00:08:59.977962+00:00
313,95,313,2026-08-30 00:08:59.977962+00:00
314,110,314,2026-08-30 00:08:59.977962+00:00
315,95,315,2026-08-30 00:08:59.977962+00:00
316,95,316,2026-08-30 00:08:59.977962+00:00
317,95,317,2026-08-30 00:08:59.977962+00:00
318,95,318,2026-08-30 00:08:59.977962+00:00
319,95,319,2026-08-30 00:08:59.977962+00:00
320,7,320,2026-08-30 00:08:59.977962+00:00
321,95,321,2026-08-30 00:08:59.977962+00:00
322,24,322,2026-08-30 00:08:59.977962+00:00
323,95,323,2026-08-30 00:08:59.977962+00:00
324,95,324,2026-08-30 00:08:59.977962+00:00
325,95,325,2026-08-30 00:08:59.977962+00:00
326,95,326,2026-08-30 00:08:59.977962+00:00
327,104,327,2026-08-30 00:08:59.977962+00:00
328,95,328,2026-08-30 00:08:59.977962+00:00
329,98,329,2026-08-30 00:08:59.977962+00:00
330,110,330,2026-08-30 00:08:59.977962+00:00
331,95,331,2026-08-30 00:08:59.977962+00:00
332,95,332,2026-08-30 00:08:59.977962+00:00
333,95,333,2026-08-30 00:08:59.977962+00:00
334,98,334,2026-08-30 00:08:59.977962+00:00
335,95,335,2026-08-30 00:08:59.977962+00:00
336,95,336,2026-08-30 00:08:59.977962+00:00
337,95,337,2026-08-30 00:08:59.977962+00:00
338,99,338,2026-08-30 00:08:59.977962+00:00
339,95,339,2026-08-30 00:08:59.977962+00:00
340,95,340,2026-08-30 00:08:59.977962+00:00
341,104,341,2026-08-30 00:08:59.977962+00:00
342,95,342,2026-08-30 00:08:59.977962+00:00
343,9,343,2026-08-30 00:08:59.977962+00:00
344,95,344,2026-08-30 00:08:59.977962+00:00
345,111,345,2026-08-30 00:08:59.977962+00:00
346,95,346,2026-08-30 00:08:59.977962+00:00
347,95,347,2026-08-30 00:08:59.977962+00:00
348,95,348,2026-08-30 00:08:59.977962+00:00
349,104,349,2026-08-30 00:08:59.977962+00:00
350,95,350,2026-08-30 00:08:59.977962+00:00
351,95,351,2026-08-30 00:08:59.977962+00:00
352,111,352,2026-08-30 00:08:59.977962+00:00
353,95,353,2026-08-30 00:08:59.977962+00:00
354,95,354,2026-08-30 00:08:59.977962+00:00
355,95,355,2026-08-30 00:08:59.977962+00:00
356,95,356,2026-08-30 00:08:59.977962+00:00
357,95,357,2026-08-30 00:08:59.977962+00:00
358,95,358,2026-08-30 00:08:59.977962+00:00
359,95,359,2026-08-30 00:08:59.977962+00:00
360,95,360,2026-08-30 00:08:59.977962+00:00
361,103,361,2026-08-30 00:08:59.977962+00:00
362,95,362,2026-08-30 00:08:59.977962+00:00
363,106,363,2026-08-30 00:08:59.977962+00:00
364,104,364,2026-08-30 00:08:59.977962+00:00
365,11,365,2026-08-30 00:08:59.977962+00:00
366,104,366,2026-08-30 00:08:59.977962+00:00
367,111,367,2026-08-30 00:08:59.977962+00:00
368,100,368,2026-08-30 00:08:59.977962+00:00
369,95,369,2026-08-30 00:08:59.977962+00:00
370,95,370,2026-08-30 00:08:59.977962+00:00
371,95,371,2026-08-30 00:08:59.977962+00:00
372,95,372,2026-08-30 00:08:59.977962+00:00
373,100,373,2026-08-30 00:08:59.977962+00:00
374,95,374,2026-08-30 00:08:59.977962+00:00
375,95,375,2026-08-30 00:08:59.977962+00:00
376,95,376,2026-08-30 00:08:59.977962+00:00
377,97,377,2026-08-30 00:08:59.977962+00:00
378,95,378,2026-08-30 00:08:59.977962+00:00
379,110,379,2026-08-30 00:08:59.977962+00:00
380,111,380,2026-08-30 00:08:59.977962+00:00
381,54,381,2026-08-30 00:08:59.977962+00:00
382,95,382,2026-08-30 00:08:59.977962+00:00
383,100,383,2026-08-30 00:08:59.977962+00:00
384,95,384,2026-08-30 00:08:59.977962+00:00
385,95,385,2026-08-30 00:08:59.977962+00:00
386,95,386,2026-08-30 00:08:59.977962+00:00
387,95,387,2026-08-30 00:08:59.977962+00:00
388,95,388,2026-08-30 00:08:59.977962+00:00
389,95,389,2026-08-30 00:08:59.977962+00:00
390,95,390,2026-08-30 00:08:59.977962+00:00
391,95,391,2026-08-30 00:08:59.977962+00:00
392,95,392,2026-08-30 00:08:59.977962+00:00
393,95,393,2026-08-30 00:08:59.977962+00:00
394,99,394,2026-08-30 00:08:59.977962+00:00
395,95,395,2026-08-30 00:08:59.977962+00:00
396,98,396,2026-08-30 00:08:59.977962+00:00
397,95,397,2026-08-30 00:08:59.977962+00:00
398,40,398,2026-08-30 00:08:59.977962+00:00
399,95,399,2026-08-30 00:08:59.977962+00:00
400,98,400,2026-08-30 00:08:59.977962+00:00
401,95,401,2026-08-30 00:08:59.977962+00:00
402,95,402,2026-08-30 00:08:59.977962+00:00
403,106,403,2026-08-30 00:08:59.977962+00:00
404,95,404,2026-08-30 00:08:59.977962+00:00
405,95,405,2026-08-30 00:08:59.977962+00:00
406,40,406,2026-08-30 00:08:59.977962+00:00
407,95,407,2026-08-30 00:08:59.977962+00:00
408,95,408,2026-08-30 00:08:59.977962+00:00
409,95,409,2026-08-30 00:08:59.977962+00:00
410,95,410,2026-08-30 00:08:59.977962+00:00
411,112,411,2026-08-30 00:08:59.977962+00:00
412,95,412,2026-08-30 00:08:59.977962+00:00
413,95,413,2026-08-30 00:08:59.977962+00:00
414,95,414,2026-08-30 00:08:59.977962+00:00
415,95,415,2026-08-30 00:08:59.977962+00:00
416,95,416,2026-08-30 00:08:59.977962+00:00
417,95,417,2026-08-30 00:08:59.977962+00:00
418,95,418,2026-08-30 00:08:59.977962+00:00
419,9,419,2026-08-30 00:08:59.977962+00:00
420,95,420,2026-08-30 00:08:59.977962+00:00
421,95,421,2026-08-30 00:08:59.977962+00:00
422,95,422,2026-08-30 00:08:59.977962+00:00
423,111,423,2026-08-30 00:08:59.977962+00:00
424,113,424,2026-08-30 00:08:59.977962+00:00
425,95,425,2026-08-30 00:08:59.977962+00:00
426,95,426,2026-08-30 00:08:59.977962+00:00
427,9,427,2026-08-30 00:08:59.977962+00:00
428,9,428,2026-08-30 00:08:59.977962+00:00
429,95,429,2026-08-30 00:08:59.977962+00:00
430,95,430,2026-08-30 00:08:59.977962+00:00
431,95,431,2026-08-30 00:08:59.977962+00:00
432,95,432,2026-08-30 00:08:59.977962+00:00
433,95,433,2026-08-30 00:08:59.977962+00:00
434,95,434,2026-08-30 00:08:59.977962+00:00
435,95,435,2026-08-30 00:08:59.977962+00:00
436,95,436,2026-08-30 00:08:59.977962+00:00
437,95,437,2026-08-30 00:08:59.977962+00:00
438,115,438,2026-08-30 00:08:59.977962+00:00
439,104,439,2026-08-30 00:08:59.977962+00:00
440,98,440,2026-08-30 00:08:59.977962+00:00
441,95,441,2026-08-30 00:08:59.977962+00:00
442,95,442,2026-08-30 00:08:59.977962+00:00
443,111,443,2026-08-30 00:08:59.977962+00:00
444,95,444,2026-08-30 00:08:59.977962+00:00
445,95,445,2026-08-30 00:08:59.977962+00:00
446,97,446,2026-08-30 00:08:59.977962+00:00
447,95,447,2026-08-30 00:08:59.977962+00:00
448,95,448,2026-08-30 00:08:59.977962+00:00
449,95,449,2026-08-30 00:08:59.977962+00:00
450,97,450,2026-08-30 00:08:59.977962+00:00
451,95,451,2026-08-30 00:08:59.977962+00:00
452,98,452,2026-08-30 00:08:59.977962+00:00
453,111,453,2026-08-30 00:08:59.977962+00:00
454,95,454,2026-08-30 00:08:59.977962+00:00
455,95,455,2026-08-30 00:08:59.977962+00:00
456,95,456,2026-08-30 00:08:59.977962+00:00
457,96,457,2026-08-30 00:08:59.977962+00:00
458,99,458,2026-08-30 00:08:59.977962+00:00
459,95,459,2026-08-30 00:08:59.977962+00:00
460,95,460,2026-08-30 00:08:59.977962+00:00
461,95,461,2026-08-30 00:08:59.977962+00:00
462,95,462,2026-08-30 00:08:59.977962+00:00
463,99,463,2026-08-30 00:08:59.977962+00:00
464,95,464,2026-08-30 00:08:59.977962+00:00
465,95,465,2026-08-30 00:08:59.977962+00:00
466,13,466,2026-08-30 00:08:59.977962+00:00
467,95,467,2026-08-30 00:08:59.977962+00:00
468,95,468,2026-08-30 00:08:59.977962+00:00
469,99,469,2026-08-30 00:08:59.977962+00:00
470,95,470,2026-08-30 00:08:59.977962+00:00
471,100,471,2026-08-30 00:08:59.977962+00:00
472,95,472,2026-08-30 00:08:59.977962+00:00
473,95,473,2026-08-30 00:08:59.977962+00:00
474,97,474,2026-08-30 00:08:59.977962+00:00
475,106,475,2026-08-30 00:08:59.977962+00:00
476,95,476,2026-08-30 00:08:59.977962+00:00
477,95,477,2026-08-30 00:08:59.977962+00:00
478,95,478,2026-08-30 00:08:59.977962+00:00
479,95,479,2026-08-30 00:08:59.977962+00:00
480,95,480,2026-08-30 00:08:59.977962+00:00
481,106,481,2026-08-30 00:08:59.977962+00:00
482,95,482,2026-08-30 00:08:59.977962+00:00
483,95,483,2026-08-30 00:08:59.977962+00:00
484,95,484,2026-08-30 00:08:59.977962+00:00
485,95,485,2026-08-30 00:08:59.977962+00:00
486,95,486,2026-08-30 00:08:59.977962+00:00
487,95,487,2026-08-30 00:08:59.977962+00:00
488,95,488,2026-08-30 00:08:59.977962+00:00
489,95,489,2026-08-30 00:08:59.977962+00:00
490,95,490,2026-08-30 00:08:59.977962+00:00
491,95,491,2026-08-30 00:08:59.977962+00:00
492,95,492,2026-08-30 00:08:59.977962+00:00
493,95,493,2026-08-30 00:08:59.977962+00:00
494,95,494,2026-08-30 00:08:59.977962+00:00
495,95,495,2026-08-30 00:08:59.977962+00:00
496,95,496,2026-08-30 00:08:59.977962+00:00
497,95,497,2026-08-30 00:08:59.977962+00:00
498,95,498,2026-08-30 00:08:59.977962+00:00
499,95,499,2026-08-30 00:08:59.977962+00:00
500,95,500,2026-08-30 00:08:59.977962+00:00
501,95,501,2026-08-30 00:08:59.977962+00:00
502,95,502,2026-08-30 00:08:59.977962+00:00
503,95,503,2026-08-30 00:08:59.977962+00:00
504,95,504,2026-08-30 00:08:59.977962+00:00
505,95,505,2026-08-30 00:08:59.977962+00:00
506,95,506,2026-08-30 00:08:59.977962+00:00
507,95,507,2026-08-30 00:08:59.977962+00:00
508,95,508,2026-08-30 00:08:59.977962+00:00
509,95,509,2026-08-30 00:08:59.977962+00:00
510,95,510,2026-08-30 00:08:59.977962+00:00
511,95,511,2026-08-30 00:08:59.977962+00:00
512,95,512,2026-08-30 00:08:59.977962+00:00
513,95,513,2026-08-30 00:08:59.977962+00:00
514,95,514,2026-08-30 00:08:59.977962+00:00
515,95,515,2026-08-30 00:08:59.977962+00:00
516,95,516,2026-08-30 00:08:59.977962+00:00
517,95,517,2026-08-30 00:08:59.977962+00:00
518,95,518,2026-08-30 00:08:59.977962+00:00
519,95,519,2026-08-30 00:08:59.977962+00:00
520,95,520,2026-08-30 00:08:59.977962+00:00
521,95,521,2026-08-30 00:08:59.977962+00:00
522,95,522,2026-08-30 00:08:59.977962+00:00
523,95,523,2026-08-30 00:08:59.977962+00:00
524,95,524,2026-08-30 00:08:59.977962+00:00
525,95,525,2026-08-30 00:08:59.977962+00:00
526,95,526,2026-08-30 00:08:59.977962+00:00
527,111,527,2026-08-30 00:08:59.977962+00:00
528,111,528,2026-08-30 00:08:59.977962+00:00
529,95,529,2026-08-30 00:08:59.977962+00:00
530,95,530,2026-08-30 00:08:59.977962+00:00
531,95,531,2026-08-30 00:08:59.977962+00:00
532,95,532,2026-08-30 00:08:59.977962+00:00
533,95,533,2026-08-30 00:08:59.977962+00:00
534,95,534,2026-08-30 00:08:59.977962+00:00
535,95,535,2026-08-30 00:08:59.977962+00:00
536,95,536,2026-08-30 00:08:59.977962+00:00
537,95,537,2026-08-30 00:08:59.977962+00:00
538,95,538,2026-08-30 00:08:59.977962+00:00
539,95,539,2026-08-30 00:08:59.977962+00:00
540,95,540,2026-08-30 00:08:59.977962+00:00
541,95,541,2026-08-30 00:08:59.977962+00:00
542,95,542,2026-08-30 00:08:59.977962+00:00
543,95,543,2026-08-30 00:08:59.977962+00:00
544,95,544,2026-08-30 00:08:59.977962+00:00
545,95,545,2026-08-30 00:08:59.977962+00:00
546,95,546,2026-08-30 00:08:59.977962+00:00
547,95,547,2026-08-30 00:08:59.977962+00:00
548,95,548,2026-08-30 00:08:59.977962+00:00
549,95,549,2026-08-30 00:08:59.977962+00:00
550,114,550,2026-08-30 00:08:59.977962+00:00
551,114,551,2026-08-30 00:08:59.977962+00:00
552,114,552,2026-08-30 00:08:59.977962+00:00
553,9,553,2026-08-30 00:08:59.977962+00:00
554,9,554,2026-08-30 00:08:59.977962+00:00
555,113,555,2026-08-30 00:08:59.977962+00:00
556,9,556,2026-08-30 00:08:59.977962+00:00
557,114,557,2026-08-30 00:08:59.977962+00:00
558,114,558,2026-08-30 00:08:59.977962+00:00
559,114,559,2026-08-30 00:08:59.977962+00:00
560,114,560,2026-08-30 00:08:59.977962+00:00
561,113,561,2026-08-30 00:08:59.977962+00:00
562,95,562,2026-08-30 00:08:59.977962+00:00
563,95,563,2026-08-30 00:08:59.977962+00:00
564,95,564,2026-08-30 00:08:59.977962+00:00
565,95,565,2026-08-30 00:08:59.977962+00:00
566,95,566,2026-08-30 00:08:59.977962+00:00
567,9,567,2026-08-30 00:08:59.977962+00:00
568,95,568,2026-08-30 00:08:59.977962+00:00
569,95,569,2026-08-30 00:08:59.977962+00:00
570,95,570,2026-08-30 00:08:59.977962+00:00
571,95,571,2026-08-30 00:08:59.977962+00:00
572,95,572,2026-08-30 00:08:59.977962+00:00
573,95,573,2026-08-30 00:08:59.977962+00:00
574,95,574,2026-08-30 00:08:59.977962+00:00
575,95,575,2026-08-30 00:08:59.977962+00:00
576,95,576,2026-08-30 00:08:59.977962+00:00
577,95,577,2026-08-30 00:08:59.977962+00:00
578,95,578,2026-08-30 00:08:59.977962+00:00
579,95,579,2026-08-30 00:08:59.977962+00:00
580,95,580,2026-08-30 00:08:59.977962+00:00
581,95,581,2026-08-30 00:08:59.977962+00:00
582,95,582,2026-08-30 00:08:59.977962+00:00
583,95,583,2026-08-30 00:08:59.977962+00:00
584,100,584,2026-08-30 00:08:59.977962+00:00
585,95,585,2026-08-30 00:08:59.977962+00:00
586,95,586,2026-08-30 00:08:59.977962+00:00
587,95,587,2026-08-30 00:08:59.977962+00:00
588,95,588,2026-08-30 00:08:59.977962+00:00
589,95,589,2026-08-30 00:08:59.977962+00:00
590,95,590,2026-08-30 00:08:59.977962+00:00
591,95,591,2026-08-30 00:08:59.977962+00:00
592,95,592,2026-08-30 00:08:59.977962+00:00
593,110,593,2026-08-30 00:08:59.977962+00:00
594,95,594,2026-08-30 00:08:59.977962+00:00
595,95,595,2026-08-30 00:08:59.977962+00:00
596,95,596,2026-08-30 00:08:59.977962+00:00
597,95,597,2026-08-30 00:08:59.977962+00:00
598,95,598,2026-08-30 00:08:59.977962+00:00
599,95,599,2026-08-30 00:08:59.977962+00:00
600,95,600,2026-08-30 00:08:59.977962+00:00
601,116,601,2026-08-30 00:08:59.977962+00:00
602,95,602,2026-08-30 00:08:59.977962+00:00
603,95,603,2026-08-30 00:08:59.977962+00:00
604,95,604,2026-08-30 00:08:59.977962+00:00
605,95,605,2026-08-30 00:08:59.977962+00:00
606,89,606,2026-08-30 00:08:59.977962+00:00
607,95,607,2026-08-30 00:08:59.977962+00:00
608,95,608,2026-08-30 00:08:59.977962+00:00
609,95,609,2026-08-30 00:08:59.977962+00:00
610,95,610,2026-08-30 00:08:59.977962+00:00
611,95,611,2026-08-30 00:08:59.977962+00:00
612,95,612,2026-08-30 00:08:59.977962+00:00
613,95,613,2026-08-30 00:08:59.977962+00:00
614,89,614,2026-08-30 00:08:59.977962+00:00
615,89,615,2026-08-30 00:08:59.977962+00:00
616,95,616,2026-08-30 00:08:59.977962+00:00
617,95,617,2026-08-30 00:08:59.977962+00:00
618,95,618,2026-08-30 00:08:59.977962+00:00
619,89,619,2026-08-30 00:08:59.977962+00:00
620,95,620,2026-08-30 00:08:59.977962+00:00
621,89,621,2026-08-30 00:08:59.977962+00:00
622,95,622,2026-08-30 00:08:59.977962+00:00
623,89,623,2026-08-30 00:08:59.977962+00:00
624,95,624,2026-08-30 00:08:59.977962+00:00
625,96,625,2026-08-30 00:08:59.977962+00:00
626,89,626,2026-08-30 00:08:59.977962+00:00
627,95,627,2026-08-30 00:08:59.977962+00:00
628,95,628,2026-08-30 00:08:59.977962+00:00
629,95,629,2026-08-30 00:08:59.977962+00:00
630,95,630,2026-08-30 00:08:59.977962+00:00
631,95,631,2026-08-30 00:08:59.977962+00:00
632,96,632,2026-08-30 00:08:59.977962+00:00
633,95,633,2026-08-30 00:08:59.977962+00:00
634,95,634,2026-08-30 00:08:59.977962+00:00
635,68,635,2026-08-30 00:08:59.977962+00:00
636,68,636,2026-08-30 00:08:59.977962+00:00
637,68,637,2026-08-30 00:08:59.977962+00:00
638,55,638,2026-08-30 00:08:59.977962+00:00
639,55,639,2026-08-30 00:08:59.977962+00:00
640,55,640,2026-08-30 00:08:59.977962+00:00
641,62,641,2026-08-30 00:08:59.977962+00:00
642,62,642,2026-08-30 00:08:59.977962+00:00
643,62,643,2026-08-30 00:08:59.977962+00:00
644,34,644,2026-08-30 00:08:59.977962+00:00
645,34,645,2026-08-30 00:08:59.977962+00:00
646,34,646,2026-08-30 00:08:59.977962+00:00
647,95,647,2026-08-30 00:08:59.977962+00:00
648,95,648,2026-08-30 00:08:59.977962+00:00
649,95,649,2026-08-30 00:08:59.977962+00:00
650,95,650,2026-08-30 00:08:59.977962+00:00
651,95,651,2026-08-30 00:08:59.977962+00:00
652,95,652,2026-08-30 00:08:59.977962+00:00
653,95,653,2026-08-30 00:08:59.977962+00:00
654,95,654,2026-08-30 00:08:59.977962+00:00
655,95,655,2026-08-30 00:08:59.977962+00:00
656,95,656,2026-08-30 00:08:59.977962+00:00
657,95,657,2026-08-30 00:08:59.977962+00:00
658,95,658,2026-08-30 00:08:59.977962+00:00
659,95,659,2026-08-30 00:08:59.977962+00:00
660,95,660,2026-08-30 00:08:59.977962+00:00
661,95,661,2026-08-30 00:08:59.977962+00:00
662,95,662,2026-08-30 00:08:59.977962+00:00
663,95,663,2026-08-30 00:08:59.977962+00:00
664,95,664,2026-08-30 00:08:59.977962+00:00
665,95,665,2026-08-30 00:08:59.977962+00:00
666,95,666,2026-08-30 00:08:59.977962+00:00
667,95,667,2026-08-30 00:08:59.977962+00:00
668,95,668,2026-08-30 00:08:59.977962+00:00
669,95,669,2026-08-30 00:08:59.977962+00:00
670,95,670,2026-08-30 00:08:59.977962+00:00
671,95,671,2026-08-30 00:08:59.977962+00:00
672,34,672,2026-08-30 00:08:59.977962+00:00
673,95,673,2026-08-30 00:08:59.977962+00:00
674,95,674,2026-08-30 00:08:59.977962+00:00
675,95,675,2026-08-30 00:08:59.977962+00:00
676,68,676,2026-08-30 00:08:59.977962+00:00
677,34,677,2026-08-30 00:08:59.977962+00:00
678,34,678,2026-08-30 00:08:59.977962+00:00
679,34,679,2026-08-30 00:08:59.977962+00:00
680,94,680,2026-08-30 00:08:59.977962+00:00
681,94,681,2026-08-30 00:08:59.977962+00:00
682,95,682,2026-08-30 00:08:59.977962+00:00
683,34,683,2026-08-30 00:08:59.977962+00:00
684,34,684,2026-08-30 00:08:59.977962+00:00
685,94,685,2026-08-30 00:08:59.977962+00:00
686,34,686,2026-08-30 00:08:59.977962+00:00
687,94,687,2026-08-30 00:08:59.977962+00:00
688,94,688,2026-08-30 00:08:59.977962+00:00
689,94,689,2026-08-30 00:08:59.977962+00:00
690,34,690,2026-08-30 00:08:59.977962+00:00
691,95,691,2026-08-30 00:08:59.977962+00:00
692,95,692,2026-08-30 00:08:59.977962+00:00
693,95,693,2026-08-30 00:08:59.977962+00:00
694,34,694,2026-08-30 00:08:59.977962+00:00
695,94,695,2026-08-30 00:08:59.977962+00:00
696,34,696,2026-08-30 00:08:59.977962+00:00
697,95,697,2026-08-30 00:08:59.977962+00:00
698,95,698,2026-08-30 00:08:59.977962+00:00
699,95,699,2026-08-30 00:08:59.977962+00:00
700,95,700,2026-08-30 00:08:59.977962+00:00
701,95,701,2026-08-30 00:08:59.977962+00:00
702,95,702,2026-08-30 00:08:59.977962+00:00
703,95,703,2026-08-30 00:08:59.977962+00:00
704,34,704,2026-08-30 00:08:59.977962+00:00
705,95,705,2026-08-30 00:08:59.977962+00:00
706,34,706,2026-08-30 00:08:59.977962+00:00
707,95,707,2026-08-30 00:08:59.977962+00:00
708,68,708,2026-08-30 00:08:59.977962+00:00
709,68,709,2026-08-30 00:08:59.977962+00:00
710,62,710,2026-08-30 00:08:59.977962+00:00
711,62,711,2026-08-30 00:08:59.977962+00:00
712,55,712,2026-08-30 00:08:59.977962+00:00
713,55,713,2026-08-30 00:08:59.977962+00:00
714,34,714,2026-08-30 00:08:59.977962+00:00
715,34,715,2026-08-30 00:08:59.977962+00:00
716,34,716,2026-08-30 00:08:59.977962+00:00
717,34,717,2026-08-30 00:08:59.977962+00:00
718,89,718,2026-08-30 00:08:59.977962+00:00
719,94,719,2026-08-30 00:08:59.977962+00:00
720,80,720,2026-08-30 00:08:59.977962+00:00
721,80,721,2026-08-30 00:08:59.977962+00:00
722,108,722,2026-08-30 00:08:59.977962+00:00
723,108,723,2026-08-30 00:08:59.977962+00:00
724,108,724,2026-08-30 00:08:59.977962+00:00
725,108,725,2026-08-30 00:08:59.977962+00:00
726,95,726,2026-08-30 00:08:59.977962+00:00
727,95,727,2026-08-30 00:08:59.977962+00:00
728,108,728,2026-08-30 00:08:59.977962+00:00
729,95,729,2026-08-30 00:08:59.977962+00:00
730,110,730,2026-08-30 00:08:59.977962+00:00
731,108,731,2026-08-30 00:08:59.977962+00:00
732,95,732,2026-08-30 00:08:59.977962+00:00
733,108,733,2026-08-30 00:08:59.977962+00:00
734,110,734,2026-08-30 00:08:59.977962+00:00
735,110,735,2026-08-30 00:08:59.977962+00:00
736,110,736,2026-08-30 00:08:59.977962+00:00
737,110,737,2026-08-30 00:08:59.977962+00:00
738,110,738,2026-08-30 00:08:59.977962+00:00
739,110,739,2026-08-30 00:08:59.977962+00:00
740,110,740,2026-08-30 00:08:59.977962+00:00
741,110,741,2026-08-30 00:08:59.977962+00:00
742,110,742,2026-08-30 00:08:59.977962+00:00
743,110,743,2026-08-30 00:08:59.977962+00:00
744,55,744,2026-08-30 00:08:59.977962+00:00
745,55,745,2026-08-30 00:08:59.977962+00:00
746,55,746,2026-08-30 00:08:59.977962+00:00
747,55,747,2026-08-30 00:08:59.977962+00:00
748,62,748,2026-08-30 00:08:59.977962+00:00
749,62,749,2026-08-30 00:08:59.977962+00:00
750,62,750,2026-08-30 00:08:59.977962+00:00
751,62,751,2026-08-30 00:08:59.977962+00:00
752,18,752,2026-08-30 00:08:59.977962+00:00
753,28,753,2026-08-30 00:08:59.977962+00:00
754,19,754,2026-08-30 00:08:59.977962+00:00
755,24,755,2026-08-30 00:08:59.977962+00:00
756,25,756,2026-08-30 00:08:59.977962+00:00
757,26,757,2026-08-30 00:08:59.977962+00:00
758,21,758,2026-08-30 00:08:59.977962+00:00
759,20,759,2026-08-30 00:08:59.977962+00:00
760,75,760,2026-08-30 00:08:59.977962+00:00
761,76,761,2026-08-30 00:08:59.977962+00:00
762,77,762,2026-08-30 00:08:59.977962+00:00
763,6,763,2026-08-30 00:08:59.977962+00:00
764,5,764,2026-08-30 00:08:59.977962+00:00
765,8,765,2026-08-30 00:08:59.977962+00:00
766,10,766,2026-08-30 00:08:59.977962+00:00
767,7,767,2026-08-30 00:08:59.977962+00:00
768,11,768,2026-08-30 00:08:59.977962+00:00
769,13,769,2026-08-30 00:08:59.977962+00:00
770,14,770,2026-08-30 00:08:59.977962+00:00
771,73,771,2026-08-30 00:08:59.977962+00:00
772,74,772,2026-08-30 00:08:59.977962+00:00
773,15,773,2026-08-30 00:08:59.977962+00:00
774,43,774,2026-08-30 00:08:59.977962+00:00
775,41,775,2026-08-30 00:08:59.977962+00:00
776,38,776,2026-08-30 00:08:59.977962+00:00
777,36,777,2026-08-30 00:08:59.977962+00:00
778,52,778,2026-08-30 00:08:59.977962+00:00
779,53,779,2026-08-30 00:08:59.977962+00:00
780,54,780,2026-08-30 00:08:59.977962+00:00
781,39,781,2026-08-30 00:08:59.977962+00:00
782,40,782,2026-08-30 00:08:59.977962+00:00
783,46,783,2026-08-30 00:08:59.977962+00:00
784,37,784,2026-08-30 00:08:59.977962+00:00
785,47,785,2026-08-30 00:08:59.977962+00:00
786,44,786,2026-08-30 00:08:59.977962+00:00
787,49,787,2026-08-30 00:08:59.977962+00:00
788,48,788,2026-08-30 00:08:59.977962+00:00
789,51,789,2026-08-30 00:08:59.977962+00:00
790,50,790,2026-08-30 00:08:59.977962+00:00
791,29,791,2026-08-30 00:08:59.977962+00:00
792,27,792,2026-08-30 00:08:59.977962+00:00
793,23,793,2026-08-30 00:08:59.977962+00:00
794,32,794,2026-08-30 00:08:59.977962+00:00
795,31,795,2026-08-30 00:08:59.977962+00:00
796,30,796,2026-08-30 00:08:59.977962+00:00
797,22,797,2026-08-30 00:08:59.977962+00:00
798,78,798,2026-08-30 00:08:59.977962+00:00
799,81,799,2026-08-30 00:08:59.977962+00:00
800,82,800,2026-08-30 00:08:59.977962+00:00
801,9,801,2026-08-30 00:08:59.977962+00:00
802,9,802,2026-08-30 00:08:59.977962+00:00
803,12,803,2026-08-30 00:08:59.977962+00:00
804,4,804,2026-08-30 00:08:59.977962+00:00
805,3,805,2026-08-30 00:08:59.977962+00:00
806,17,806,2026-08-30 00:08:59.977962+00:00
807,2,807,2026-08-30 00:08:59.977962+00:00
808,45,808,2026-08-30 00:08:59.977962+00:00
809,1,809,2026-08-30 00:08:59.977962+00:00
810,34,810,2026-08-30 00:08:59.977962+00:00
811,35,811,2026-08-30 00:08:59.977962+00:00
812,33,812,2026-08-30 00:08:59.977962+00:00
813,70,813,2026-08-30 00:08:59.977962+00:00
814,71,814,2026-08-30 00:08:59.977962+00:00
815,72,815,2026-08-30 00:08:59.977962+00:00
816,69,816,2026-08-30 00:08:59.977962+00:00
817,68,817,2026-08-30 00:08:59.977962+00:00
818,67,818,2026-08-30 00:08:59.977962+00:00
819,60,819,2026-08-30 00:08:59.977962+00:00
820,58,820,2026-08-30 00:08:59.977962+00:00
821,57,821,2026-08-30 00:08:59.977962+00:00
822,56,822,2026-08-30 00:08:59.977962+00:00
823,55,823,2026-08-30 00:08:59.977962+00:00
824,64,824,2026-08-30 00:08:59.977962+00:00
825,63,825,2026-08-30 00:08:59.977962+00:00
826,61,826,2026-08-30 00:08:59.977962+00:00
827,66,827,2026-08-30 00:08:59.977962+00:00
828,65,828,2026-08-30 00:08:59.977962+00:00
829,62,829,2026-08-30 00:08:59.977962+00:00
830,79,830,2026-08-30 00:08:59.977962+00:00
831,83,831,2026-08-30 00:08:59.977962+00:00
832,84,832,2026-08-30 00:08:59.977962+00:00
833,85,833,2026-08-30 00:08:59.977962+00:00
834,86,834,2026-08-30 00:08:59.977962+00:00
835,87,835,2026-08-30 00:08:59.977962+00:00
836,97,836,2026-08-30 00:08:59.977962+00:00
837,18,837,2026-08-30 00:08:59.977962+00:00
838,28,838,2026-08-30 00:08:59.977962+00:00
839,19,839,2026-08-30 00:08:59.977962+00:00
840,24,840,2026-08-30 00:08:59.977962+00:00
841,25,841,2026-08-30 00:08:59.977962+00:00
842,26,842,2026-08-30 00:08:59.977962+00:00
843,21,843,2026-08-30 00:08:59.977962+00:00
844,20,844,2026-08-30 00:08:59.977962+00:00
845,75,845,2026-08-30 00:08:59.977962+00:00
846,76,846,2026-08-30 00:08:59.977962+00:00
847,77,847,2026-08-30 00:08:59.977962+00:00
848,6,848,2026-08-30 00:08:59.977962+00:00
849,5,849,2026-08-30 00:08:59.977962+00:00
850,8,850,2026-08-30 00:08:59.977962+00:00
851,10,851,2026-08-30 00:08:59.977962+00:00
852,7,852,2026-08-30 00:08:59.977962+00:00
853,11,853,2026-08-30 00:08:59.977962+00:00
854,13,854,2026-08-30 00:08:59.977962+00:00
855,14,855,2026-08-30 00:08:59.977962+00:00
856,73,856,2026-08-30 00:08:59.977962+00:00
857,74,857,2026-08-30 00:08:59.977962+00:00
858,15,858,2026-08-30 00:08:59.977962+00:00
859,43,859,2026-08-30 00:08:59.977962+00:00
860,41,860,2026-08-30 00:08:59.977962+00:00
861,38,861,2026-08-30 00:08:59.977962+00:00
862,42,862,2026-08-30 00:08:59.977962+00:00
863,36,863,2026-08-30 00:08:59.977962+00:00
864,52,864,2026-08-30 00:08:59.977962+00:00
865,53,865,2026-08-30 00:08:59.977962+00:00
866,54,866,2026-08-30 00:08:59.977962+00:00
867,39,867,2026-08-30 00:08:59.977962+00:00
868,40,868,2026-08-30 00:08:59.977962+00:00
869,46,869,2026-08-30 00:08:59.977962+00:00
870,37,870,2026-08-30 00:08:59.977962+00:00
871,47,871,2026-08-30 00:08:59.977962+00:00
872,44,872,2026-08-30 00:08:59.977962+00:00
873,49,873,2026-08-30 00:08:59.977962+00:00
874,48,874,2026-08-30 00:08:59.977962+00:00
875,51,875,2026-08-30 00:08:59.977962+00:00
876,50,876,2026-08-30 00:08:59.977962+00:00
877,29,877,2026-08-30 00:08:59.977962+00:00
878,27,878,2026-08-30 00:08:59.977962+00:00
879,23,879,2026-08-30 00:08:59.977962+00:00
880,32,880,2026-08-30 00:08:59.977962+00:00
881,31,881,2026-08-30 00:08:59.977962+00:00
882,30,882,2026-08-30 00:08:59.977962+00:00
883,22,883,2026-08-30 00:08:59.977962+00:00
884,78,884,2026-08-30 00:08:59.977962+00:00
885,81,885,2026-08-30 00:08:59.977962+00:00
886,82,886,2026-08-30 00:08:59.977962+00:00
887,9,887,2026-08-30 00:08:59.977962+00:00
888,9,888,2026-08-30 00:08:59.977962+00:00
889,12,889,2026-08-30 00:08:59.977962+00:00
890,4,890,2026-08-30 00:08:59.977962+00:00
891,3,891,2026-08-30 00:08:59.977962+00:00
892,17,892,2026-08-30 00:08:59.977962+00:00
893,2,893,2026-08-30 00:08:59.977962+00:00
894,45,894,2026-08-30 00:08:59.977962+00:00
895,1,895,2026-08-30 00:08:59.977962+00:00
896,34,896,2026-08-30 00:08:59.977962+00:00
897,35,897,2026-08-30 00:08:59.977962+00:00
898,33,898,2026-08-30 00:08:59.977962+00:00
899,70,899,2026-08-30 00:08:59.977962+00:00
900,71,900,2026-08-30 00:08:59.977962+00:00
901,72,901,2026-08-30 00:08:59.977962+00:00
902,69,902,2026-08-30 00:08:59.977962+00:00
903,68,903,2026-08-30 00:08:59.977962+00:00
904,67,904,2026-08-30 00:08:59.977962+00:00
905,60,905,2026-08-30 00:08:59.977962+00:00
906,58,906,2026-08-30 00:08:59.977962+00:00
907,57,907,2026-08-30 00:08:59.977962+00:00
908,56,908,2026-08-30 00:08:59.977962+00:00
909,55,909,2026-08-30 00:08:59.977962+00:00
910,64,910,2026-08-30 00:08:59.977962+00:00
911,63,911,2026-08-30 00:08:59.977962+00:00
912,61,912,2026-08-30 00:08:59.977962+00:00
913,66,913,2026-08-30 00:08:59.977962+00:00
914,65,914,2026-08-30 00:08:59.977962+00:00
915,62,915,2026-08-30 00:08:59.977962+00:00
916,79,916,2026-08-30 00:08:59.977962+00:00
917,83,917,2026-08-30 00:08:59.977962+00:00
918,84,918,2026-08-30 00:08:59.977962+00:00
919,85,919,2026-08-30 00:08:59.977962+00:00
920,86,920,2026-08-30 00:08:59.977962+00:00
921,87,921,2026-08-30 00:08:59.977962+00:00
922,97,922,2026-08-30 00:08:59.977962+00:00
923,18,923,2026-08-30 00:08:59.977962+00:00
924,28,924,2026-08-30 00:08:59.977962+00:00
925,19,925,2026-08-30 00:08:59.977962+00:00
926,24,926,2026-08-30 00:08:59.977962+00:00
927,25,927,2026-08-30 00:08:59.977962+00:00
928,26,928,2026-08-30 00:08:59.977962+00:00
929,21,929,2026-08-30 00:08:59.977962+00:00
930,20,930,2026-08-30 00:08:59.977962+00:00
931,75,931,2026-08-30 00:08:59.977962+00:00
932,76,932,2026-08-30 00:08:59.977962+00:00
933,77,933,2026-08-30 00:08:59.977962+00:00
934,6,934,2026-08-30 00:08:59.977962+00:00
935,5,935,2026-08-30 00:08:59.977962+00:00
936,8,936,2026-08-30 00:08:59.977962+00:00
937,10,937,2026-08-30 00:08:59.977962+00:00
938,7,938,2026-08-30 00:08:59.977962+00:00
939,11,939,2026-08-30 00:08:59.977962+00:00
940,13,940,2026-08-30 00:08:59.977962+00:00
941,14,941,2026-08-30 00:08:59.977962+00:00
942,73,942,2026-08-30 00:08:59.977962+00:00
943,74,943,2026-08-30 00:08:59.977962+00:00
944,15,944,2026-08-30 00:08:59.977962+00:00
945,43,945,2026-08-30 00:08:59.977962+00:00
946,41,946,2026-08-30 00:08:59.977962+00:00
947,38,947,2026-08-30 00:08:59.977962+00:00
948,42,948,2026-08-30 00:08:59.977962+00:00
949,36,949,2026-08-30 00:08:59.977962+00:00
950,52,950,2026-08-30 00:08:59.977962+00:00
951,53,951,2026-08-30 00:08:59.977962+00:00
952,54,952,2026-08-30 00:08:59.977962+00:00
953,39,953,2026-08-30 00:08:59.977962+00:00
954,40,954,2026-08-30 00:08:59.977962+00:00
955,46,955,2026-08-30 00:08:59.977962+00:00
956,37,956,2026-08-30 00:08:59.977962+00:00
957,47,957,2026-08-30 00:08:59.977962+00:00
958,44,958,2026-08-30 00:08:59.977962+00:00
959,49,959,2026-08-30 00:08:59.977962+00:00
960,48,960,2026-08-30 00:08:59.977962+00:00
961,51,961,2026-08-30 00:08:59.977962+00:00
962,50,962,2026-08-30 00:08:59.977962+00:00
963,29,963,2026-08-30 00:08:59.977962+00:00
964,27,964,2026-08-30 00:08:59.977962+00:00
965,23,965,2026-08-30 00:08:59.977962+00:00
966,32,966,2026-08-30 00:08:59.977962+00:00
967,31,967,2026-08-30 00:08:59.977962+00:00
968,30,968,2026-08-30 00:08:59.977962+00:00
969,22,969,2026-08-30 00:08:59.977962+00:00
970,78,970,2026-08-30 00:08:59.977962+00:00
971,81,971,2026-08-30 00:08:59.977962+00:00
972,82,972,2026-08-30 00:08:59.977962+00:00
973,9,973,2026-08-30 00:08:59.977962+00:00
974,9,974,2026-08-30 00:08:59.977962+00:00
975,12,975,2026-08-30 00:08:59.977962+00:00
976,4,976,2026-08-30 00:08:59.977962+00:00
977,3,977,2026-08-30 00:08:59.977962+00:00
978,17,978,2026-08-30 00:08:59.977962+00:00
979,2,979,2026-08-30 00:08:59.977962+00:00
980,45,980,2026-08-30 00:08:59.977962+00:00
981,1,981,2026-08-30 00:08:59.977962+00:00
982,34,982,2026-08-30 00:08:59.977962+00:00
983,35,983,2026-08-30 00:08:59.977962+00:00
984,33,984,2026-08-30 00:08:59.977962+00:00
985,70,985,2026-08-30 00:08:59.977962+00:00
986,71,986,2026-08-30 00:08:59.977962+00:00
987,72,987,2026-08-30 00:08:59.977962+00:00
988,69,988,2026-08-30 00:08:59.977962+00:00
989,68,989,2026-08-30 00:08:59.977962+00:00
990,67,990,2026-08-30 00:08:59.977962+00:00
991,60,991,2026-08-30 00:08:59.977962+00:00
992,58,992,2026-08-30 00:08:59.977962+00:00
993,57,993,2026-08-30 00:08:59.977962+00:00
994,56,994,2026-08-30 00:08:59.977962+00:00
995,55,995,2026-08-30 00:08:59.977962+00:00
996,64,996,2026-08-30 00:08:59.977962+00:00
997,63,997,2026-08-30 00:08:59.977962+00:00
998,61,998,2026-08-30 00:08:59.977962+00:00
999,66,999,2026-08-30 00:08:59.977962+00:00
1000,65,1000,2026-08-30 00:08:59.977962+00:00
1001,62,1001,2026-08-30 00:08:59.977962+00:00
1002,79,1002,2026-08-30 00:08:59.977962+00:00
1003,83,1003,2026-08-30 00:08:59.977962+00:00
1004,84,1004,2026-08-30 00:08:59.977962+00:00
1005,85,1005,2026-08-30 00:08:59.977962+00:00
1006,86,1006,2026-08-30 00:08:59.977962+00:00
1007,87,1007,2026-08-30 00:08:59.977962+00:00
1008,97,1008,2026-08-30 00:08:59.977962+00:00
1009,19,1009,2026-08-30 00:08:59.977962+00:00
1010,24,1010,2026-08-30 00:08:59.977962+00:00
1011,25,1011,2026-08-30 00:08:59.977962+00:00
1012,20,1012,2026-08-30 00:08:59.977962+00:00
1013,8,1013,2026-08-30 00:08:59.977962+00:00
1014,7,1014,2026-08-30 00:08:59.977962+00:00
1015,13,1015,2026-08-30 00:08:59.977962+00:00
1016,38,1016,2026-08-30 00:08:59.977962+00:00
1017,54,1017,2026-08-30 00:08:59.977962+00:00
1018,40,1018,2026-08-30 00:08:59.977962+00:00
1019,46,1019,2026-08-30 00:08:59.977962+00:00
1020,51,1020,2026-08-30 00:08:59.977962+00:00
1021,29,1021,2026-08-30 00:08:59.977962+00:00
1022,23,1022,2026-08-30 00:08:59.977962+00:00
1023,32,1023,2026-08-30 00:08:59.977962+00:00
1024,9,1024,2026-08-30 00:08:59.977962+00:00
1025,3,1025,2026-08-30 00:08:59.977962+00:00
1026,2,1026,2026-08-30 00:08:59.977962+00:00
1027,1,1027,2026-08-30 00:08:59.977962+00:00
1028,34,1028,2026-08-30 00:08:59.977962+00:00
1029,33,1029,2026-08-30 00:08:59.977962+00:00
1030,70,1030,2026-08-30 00:08:59.977962+00:00
1031,71,1031,2026-08-30 00:08:59.977962+00:00
1032,69,1032,2026-08-30 00:08:59.977962+00:00
1033,68,1033,2026-08-30 00:08:59.977962+00:00
1034,57,1034,2026-08-30 00:08:59.977962+00:00
1035,56,1035,2026-08-30 00:08:59.977962+00:00
1036,55,1036,2026-08-30 00:08:59.977962+00:00
1037,63,1037,2026-08-30 00:08:59.977962+00:00
1038,61,1038,2026-08-30 00:08:59.977962+00:00
1039,66,1039,2026-08-30 00:08:59.977962+00:00
1040,65,1040,2026-08-30 00:08:59.977962+00:00
1041,62,1041,2026-08-30 00:08:59.977962+00:00
1042,79,1042,2026-08-30 00:08:59.977962+00:00
1043,83,1043,2026-08-30 00:08:59.977962+00:00
1044,19,1044,2026-08-30 00:08:59.977962+00:00
1045,24,1045,2026-08-30 00:08:59.977962+00:00
1046,25,1046,2026-08-30 00:08:59.977962+00:00
1047,20,1047,2026-08-30 00:08:59.977962+00:00
1048,8,1048,2026-08-30 00:08:59.977962+00:00
1049,7,1049,2026-08-30 00:08:59.977962+00:00
1050,13,1050,2026-08-30 00:08:59.977962+00:00
1051,38,1051,2026-08-30 00:08:59.977962+00:00
1052,54,1052,2026-08-30 00:08:59.977962+00:00
1053,40,1053,2026-08-30 00:08:59.977962+00:00
1054,46,1054,2026-08-30 00:08:59.977962+00:00
1055,51,1055,2026-08-30 00:08:59.977962+00:00
1056,29,1056,2026-08-30 00:08:59.977962+00:00
1057,23,1057,2026-08-30 00:08:59.977962+00:00
1058,32,1058,2026-08-30 00:08:59.977962+00:00
1059,9,1059,2026-08-30 00:08:59.977962+00:00
1060,3,1060,2026-08-30 00:08:59.977962+00:00
1061,2,1061,2026-08-30 00:08:59.977962+00:00
1062,1,1062,2026-08-30 00:08:59.977962+00:00
1063,34,1063,2026-08-30 00:08:59.977962+00:00
1064,33,1064,2026-08-30 00:08:59.977962+00:00
1065,70,1065,2026-08-30 00:08:59.977962+00:00
1066,71,1066,2026-08-30 00:08:59.977962+00:00
1067,69,1067,2026-08-30 00:08:59.977962+00:00
1068,68,1068,2026-08-30 00:08:59.977962+00:00
1069,57,1069,2026-08-30 00:08:59.977962+00:00
1070,56,1070,2026-08-30 00:08:59.977962+00:00
1071,55,1071,2026-08-30 00:08:59.977962+00:00
1072,63,1072,2026-08-30 00:08:59.977962+00:00
1073,61,1073,2026-08-30 00:08:59.977962+00:00
1074,66,1074,2026-08-30 00:08:59.977962+00:00
1075,65,1075,2026-08-30 00:08:59.977962+00:00
1076,62,1076,2026-08-30 00:08:59.977962+00:00
1077,79,1077,2026-08-30 00:08:59.977962+00:00
1078,83,1078,2026-08-30 00:08:59.977962+00:00
1079,89,1079,2026-08-30 00:08:59.977962+00:00
1080,95,1080,2026-08-30 00:08:59.977962+00:00
1081,95,1081,2026-08-30 00:08:59.977962+00:00
1082,95,1082,2026-08-30 00:08:59.977962+00:00
1083,95,1083,2026-08-30 00:08:59.977962+00:00
1084,95,1084,2026-08-30 00:08:59.977962+00:00
1085,95,1085,2026-08-30 00:08:59.977962+00:00
1086,95,1086,2026-08-30 00:08:59.977962+00:00
1087,95,1087,2026-08-30 00:08:59.977962+00:00
1088,95,1088,2026-08-30 00:08:59.977962+00:00
1089,95,1089,2026-08-30 00:08:59.977962+00:00
1090,95,1090,2026-08-30 00:08:59.977962+00:00
1091,95,1091,2026-08-30 00:08:59.977962+00:00
1092,95,1092,2026-08-30 00:08:59.977962+00:00
1093,95,1093,2026-08-30 00:08:59.977962+00:00
1094,95,1094,2026-08-30 00:08:59.977962+00:00
1095,95,1095,2026-08-30 00:08:59.977962+00:00
1096,95,1096,2026-08-30 00:08:59.977962+00:00
1097,95,1097,2026-08-30 00:08:59.977962+00:00
1098,95,1098,2026-08-30 00:08:59.977962+00:00
1099,95,1099,2026-08-30 00:08:59.977962+00:00
1100,95,1100,2026-08-30 00:08:59.977962+00:00
1101,95,1101,2026-08-30 00:08:59.977962+00:00
1102,95,1102,2026-08-30 00:08:59.977962+00:00
1103,95,1103,2026-08-30 00:08:59.977962+00:00
1104,95,1104,2026-08-30 00:08:59.977962+00:00
1105,95,1105,2026-08-30 00:08:59.977962+00:00
1106,95,1106,2026-08-30 00:08:59.977962+00:00
1107,95,1107,2026-08-30 00:08:59.977962+00:00
1108,95,1108,2026-08-30 00:08:59.977962+00:00
1109,95,1109,2026-08-30 00:08:59.977962+00:00
