id,maintenance_type,status,detector,date_due,date_performed,performed_by,notes,created_at,updated_at
807,BT,SC,390,2028-12-19,,,,2026-09-09 01:47:30,2026-09-09 01:47:30
701,BT,SC,446,2028-09-26,,,,2026-09-09 01:47:30,2026-09-09 01:47:30
787,BT,SC,335,2028-05-31,,,,2026-09-09 01:47:30,2026-09-09 01:47:30
789,BT,SC,405,2028-05-31,,,,2026-09-09 01:47:30,2026-09-09 01:47:30
809,BT,SC,18,2028-05-19,,,,2026-09-09 01:47:30,2026-09-09 01:47:30
803,BT,SC,94,2028-05-19,,,,2026-09-09 01:47:30,2026-09-09 01:47:30
797,BT,SC,141,2028-05-19,,,,2026-09-09 01:47:30,2026-09-09 01:47:30
795,BT,SC,156,2028-05-19,,,,2026-09-09 01:47:30,2026-09-09 01:47:30
791,BT,SC,399,2028-05-19,,,,2026-09-09 01:47:30,2026-09-09 01:47:30
740,BT,SC,33,2028-04-08,,,,2026-09-09 01:47:30,2026-09-09 01:47:30
753,BT,SC,54,2028-04-08,,,,2026-09-09 01:47:30,2026-09-09 01:47:30
751,BT,SC,381,2028-04-08,,,,2026-09-09 01:47:30,2026-09-09 01:47:30
713,BT,SC,42,2028-03-30,,,,2026-09-09 01:47:30,2026-09-09 01:47:30
709,BT,SC,302,2028-03-27,,,,2026-09-09 01:47:30,2026-09-09 01:47:30
679,BT,SC,9,2028-03-26,,,,2026-09-09 01:47:30,2026-09-09 01:47:30
673,BT,SC,15,2028-03-26,,,,2026-09-09 01:47:30,2026-09-09 01:47:30
653,BT,SC,38,2028-03-26,,,,2026-09-09 01:47:30,2026-09-09 01:47:30
664,BT,SC,50,2028-03-26,,,,2026-09-09 01:47:30,2026-09-09 01:47:30
694,BT,SC,148,2028-03-26,,,,2026-09-09 01:47:30,2026-09-09 01:47:30
646,BT,SC,167,2028-03-26,,,,2026-09-09 01:47:30,2026-09-09 01:47:30
675,BT,SC,189,2028-03-26,,,,2026-09-09 01:47:30,2026-09-09 01:47:30
690,BT,SC,193,2028-03-26,,,,2026-09-09 01:47:30,2026-09-09 01:47:30
643,BT,SC,205,2028-03-26,,,,2026-09-09 01:47:30,2026-09-09 01:47:30
703,BT,SC,220,2028-03-26,,,,2026-09-09 01:47:30,2026-09-09 01:47:30
656,BT,SC,229,2028-03-26,,,,2026-09-09 01:47:30,2026-09-09 01:47:30
650,BT,SC,311,2028-03-26,,,,2026-09-09 01:47:30,2026-09-09 01:47:30
670,BT,SC,327,2028-03-26,,,,2026-09-09 01:47:30,2026-09-09 01:47:30
659,BT,SC,366,2028-03-26,,,,2026-09-09 01:47:30,2026-09-09 01:47:30
662,BT,SC,398,2028-03-26,,,,2026-09-09 01:47:30,2026-09-09 01:47:30
667,BT,SC,439,2028-03-26,,,,2026-09-09 01:47:30,2026-09-09 01:47:30
683,BT,SC,474,2028-03-26,,,,2026-09-09 01:47:30,2026-09-09 01:47:30
640,BT,SC,211,2028-03-25,,,,2026-09-09 01:47:30,2026-09-09 01:47:30
707,BT,SC,364,2028-03-01,,,,2026-09-09 01:47:30,2026-09-09 01:47:30
801,BT,SC,51,2028-02-19,,,,2026-09-09 01:47:30,2026-09-09 01:47:30
705,BT,SC,236,2028-02-02,,,,2026-09-09 01:47:30,2026-09-09 01:47:30
799,BT,SC,309,2027-12-31,,,,2026-09-09 01:47:30,2026-09-09 01:47:30
793,FC,SC,8,2027-12-19,,,,2026-09-09 01:47:30,2026-09-09 01:47:30
805,BT,SC,113,2027-12-19,,,,2026-09-09 01:47:30,2026-09-09 01:47:30
677,BT,SC,413,2027-09-25,,,,2026-09-09 01:47:30,2026-09-09 01:47:30
811,BT,SC,112,2027-08-19,,,,2026-09-09 01:47:30,2026-09-09 01:47:30
280,SV,SC,344,2027-05-19,,,,2026-09-09 01:47:30,2026-09-09 01:47:30
715,MS,CL,612,2027-05-03,2026-09-03,,"Replaced O2 sensor, serviced and calibrated",2026-09-09 01:47:30,2026-09-09 01:47:30
887,MS,SC,612,2027-03-02,,,,2026-09-09 01:47:30,2026-09-09 01:47:30
879,SV,SC,1105,2027-02-19,,,,2026-09-09 01:47:30,2026-09-09 01:47:30
855,SV,SC,613,2027-02-19,,,,2026-09-09 01:47:30,2026-09-09 01:47:30
857,SV,SC,630,2027-02-16,,,,2026-09-09 01:47:30,2026-09-09 01:47:30
877,SV,SC,1104,2027-02-11,,,,2026-09-09 01:47:30,2026-09-09 01:47:30
875,SV,SC,1103,2027-02-09,,,,2026-09-09 01:47:30,2026-09-09 01:47:30
873,SV,SC,1102,2027-02-09,,,,2026-09-09 01:47:30,2026-09-09 01:47:30
856,SV,SC,634,2027-02-09,,,,2026-09-09 01:47:30,2026-09-09 01:47:30
865,SV,SC,1098,2027-02-03,,,,2026-09-09 01:47:30,2026-09-09 01:47:30
867,SV,SC,1099,2027-02-03,,,,2026-09-09 01:47:30,2026-09-09 01:47:30
871,SV,SC,1101,2027-02-03,,,,2026-09-09 01:47:30,2026-09-09 01:47:30
869,SV,SC,1100,2027-02-03,,,,2026-09-09 01:47:30,2026-09-09 01:47:30
883,SV,SC,657,2027-02-03,,,,2026-09-09 01:47:30,2026-09-09 01:47:30
886,SV,SC,661,2027-02-03,,,,2026-09-09 01:47:30,2026-09-09 01:47:30
885,SV,SC,662,2027-02-03,,,,2026-09-09 01:47:30,2026-09-09 01:47:30
884,SV,SC,674,2027-02-03,,,,2026-09-09 01:47:30,2026-09-09 01:47:30
863,SV,SC,1097,2027-02-03,,,,2026-09-09 01:47:30,2026-09-09 01:47:30
861,SV,SC,1096,2027-02-03,,,,2026-09-09 01:47:30,2026-09-09 01:47:30
859,SV,SC,1095,2027-02-03,,,,2026-09-09 01:47:30,2026-09-09 01:47:30
882,SV,SC,655,2027-02-02,,,,2026-09-09 01:47:30,2026-09-09 01:47:30
881,SV,SC,1106,2027-01-14,,,,2026-09-09 01:47:30,2026-09-09 01:47:30
852,SV,SC,633,2026-12-31,,,,2026-09-09 01:47:30,2026-09-09 01:47:30
853,SV,SC,628,2026-12-29,,,,2026-09-09 01:47:30,2026-09-09 01:47:30
854,SV,SC,595,2026-12-25,,,,2026-09-09 01:47:30,2026-09-09 01:47:30
849,SV,SC,1093,2026-12-15,,,,2026-09-09 01:47:30,2026-09-09 01:47:30
847,SV,SC,1092,2026-12-15,,,,2026-09-09 01:47:30,2026-09-09 01:47:30
851,SV,SC,1094,2026-12-15,,,,2026-09-09 01:47:30,2026-09-09 01:47:30
841,SV,SC,1089,2026-12-14,,,,2026-09-09 01:47:30,2026-09-09 01:47:30
845,SV,SC,1091,2026-12-14,,,,2026-09-09 01:47:30,2026-09-09 01:47:30
843,SV,SC,1090,2026-12-14,,,,2026-09-09 01:47:30,2026-09-09 01:47:30
52,SV,SC,59,2026-12-07,,,,2026-09-09 01:47:30,2026-09-09 01:47:30
106,SV,SC,130,2026-12-07,,,,2026-09-09 01:47:30,2026-09-09 01:47:30
111,SV,SC,136,2026-12-07,,,,2026-09-09 01:47:30,2026-09-09 01:47:30
210,SV,SC,258,2026-12-07,,,,2026-09-09 01:47:30,2026-09-09 01:47:30
224,SV,SC,278,2026-12-07,,,,2026-09-09 01:47:30,2026-09-09 01:47:30
245,SV,SC,303,2026-12-07,,,,2026-09-09 01:47:30,2026-09-09 01:47:30
365,SV,SC,432,2026-12-07,,,,2026-09-09 01:47:30,2026-09-09 01:47:30
442,SV,SC,581,2026-12-07,,,,2026-09-09 01:47:30,2026-09-09 01:47:30
126,SV,SC,156,2026-12-05,,,,2026-09-09 01:47:30,2026-09-09 01:47:30
147,SV,SC,184,2026-12-05,,,,2026-09-09 01:47:30,2026-09-09 01:47:30
182,SV,SC,225,2026-12-05,,,,2026-09-09 01:47:30,2026-09-09 01:47:30
258,SV,SC,318,2026-12-05,,,,2026-09-09 01:47:30,2026-09-09 01:47:30
305,SV,SC,370,2026-12-05,,,,2026-09-09 01:47:30,2026-09-09 01:47:30
837,SV,SC,1087,2026-12-03,,,,2026-09-09 01:47:30,2026-09-09 01:47:30
839,SV,SC,1088,2026-12-03,,,,2026-09-09 01:47:30,2026-09-09 01:47:30
835,SV,SC,587,2026-12-03,,,,2026-09-09 01:47:30,2026-09-09 01:47:30
834,SV,SC,627,2026-12-03,,,,2026-09-09 01:47:30,2026-09-09 01:47:30
816,SV,SC,1083,2026-11-30,,,,2026-09-09 01:47:30,2026-09-09 01:47:30
813,SV,SC,614,2026-11-28,,,,2026-09-09 01:47:30,2026-09-09 01:47:30
826,SV,SC,1085,2026-11-27,,,,2026-09-09 01:47:30,2026-09-09 01:47:30
814,SV,SC,617,2026-11-27,,,,2026-09-09 01:47:30,2026-09-09 01:47:30
827,SV,SC,670,2026-11-26,,,,2026-09-09 01:47:30,2026-09-09 01:47:30
812,SV,SC,346,2026-11-26,,,,2026-09-09 01:47:30,2026-09-09 01:47:30
817,SV,SC,656,2026-11-19,,,,2026-09-09 01:47:30,2026-09-09 01:47:30
832,SV,SC,1086,2026-11-19,,,,2026-09-09 01:47:30,2026-09-09 01:47:30
820,SV,SC,1084,2026-11-19,,,,2026-09-09 01:47:30,2026-09-09 01:47:30
819,SV,CL,1084,2026-11-19,2026-05-20,,"Serviced Unit, Checked Config, Cleaned lamp, PID, and pump, Replaced Filters, manually Spanned. All tests ok.",2026-09-09 01:47:30,2026-09-09 01:47:30
828,SV,SC,607,2026-11-19,,,,2026-09-09 01:47:30,2026-09-09 01:47:30
821,SV,SC,618,2026-11-19,,,,2026-09-09 01:47:30,2026-09-09 01:47:30
829,SV,SC,615,2026-11-19,,,,2026-09-09 01:47:30,2026-09-09 01:47:30
830,SV,SC,610,2026-11-19,,,,2026-09-09 01:47:30,2026-09-09 01:47:30
822,SV,SC,623,2026-11-19,,,,2026-09-09 01:47:30,2026-09-09 01:47:30
823,SV,SC,668,2026-11-17,,,,2026-09-09 01:47:30,2026-09-09 01:47:30
824,MS,SC,673,2026-11-17,,,,2026-09-09 01:47:30,2026-09-09 01:47:30
833,SV,SC,626,2026-11-17,,,,2026-09-09 01:47:30,2026-09-09 01:47:30
785,SV,CL,626,2026-11-12,2026-05-18,,"Service unit, Cleaned pid, lamp and pump. Replaced filters, manually spanned. all test ok",2026-09-09 01:47:30,2026-09-09 01:47:30
780,SV,SC,583,2026-11-11,,,,2026-09-09 01:47:30,2026-09-09 01:47:30
548,SV,SC,707,2026-11-11,,,,2026-09-09 01:47:30,2026-09-09 01:47:30
546,SV,SC,705,2026-11-11,,,,2026-09-09 01:47:30,2026-09-09 01:47:30
543,SV,SC,702,2026-11-10,,,,2026-09-09 01:47:30,2026-09-09 01:47:30
593,BT,SC,702,2026-11-10,,,,2026-09-09 01:47:30,2026-09-09 01:47:30
777,MS,SC,659,2026-11-04,,,,2026-09-09 01:47:30,2026-09-09 01:47:30
779,MS,SC,664,2026-11-04,,,,2026-09-09 01:47:30,2026-09-09 01:47:30
773,SV,SC,414,2026-11-03,,,,2026-09-09 01:47:30,2026-09-09 01:47:30
772,SV,SC,417,2026-11-03,,,,2026-09-09 01:47:30,2026-09-09 01:47:30
774,SV,SC,565,2026-11-03,,,,2026-09-09 01:47:30,2026-09-09 01:47:30
77,SV,SC,93,2026-11-02,,,,2026-09-09 01:47:30,2026-09-09 01:47:30
775,MS,SC,659,2026-11-01,,,,2026-09-09 01:47:30,2026-09-09 01:47:30
781,SV,SC,608,2026-10-26,,,,2026-09-09 01:47:30,2026-09-09 01:47:30
782,SV,SC,621,2026-10-26,,,,2026-09-09 01:47:30,2026-09-09 01:47:30
770,SV,SC,54,2026-10-22,,,,2026-09-09 01:47:30,2026-09-09 01:47:30
783,SV,SC,616,2026-10-21,,,,2026-09-09 01:47:30,2026-09-09 01:47:30
771,SV,SC,179,2026-10-21,,,,2026-09-09 01:47:30,2026-09-09 01:47:30
769,SV,SC,675,2026-10-19,,,,2026-09-09 01:47:30,2026-09-09 01:47:30
784,SV,SC,631,2026-10-19,,,,2026-09-09 01:47:30,2026-09-09 01:47:30
765,SV,CL,657,2026-10-14,2026-08-04,,"Serviced Unit, Checked Config, Replaced filters and Oring, All tests OK",2026-09-09 01:47:30,2026-09-09 01:47:30
764,SV,CL,661,2026-10-14,2026-08-04,,"Serviced Unit, Checked Config, Replaced filters and Oring, All tests OK",2026-09-09 01:47:30,2026-09-09 01:47:30
766,SV,CL,662,2026-10-14,2026-08-04,,"Serviced Unit, Checked Config, Replaced filters and Oring, All tests OK",2026-09-09 01:47:30,2026-09-09 01:47:30
763,SV,CL,674,2026-10-14,2026-08-04,,"Serviced Unit, Checked Config, Replaced filters and Oring, All tests OK",2026-09-09 01:47:30,2026-09-09 01:47:30
762,SV,SC,37,2026-10-12,,,,2026-09-09 01:47:30,2026-09-09 01:47:30
761,SV,SC,73,2026-10-12,,,,2026-09-09 01:47:30,2026-09-09 01:47:30
756,SV,SC,203,2026-10-12,,,,2026-09-09 01:47:30,2026-09-09 01:47:30
759,SV,SC,304,2026-10-12,,,,2026-09-09 01:47:30,2026-09-09 01:47:30
755,SV,SC,322,2026-10-12,,,,2026-09-09 01:47:30,2026-09-09 01:47:30
758,SV,SC,373,2026-10-12,,,,2026-09-09 01:47:30,2026-09-09 01:47:30
754,SV,SC,406,2026-10-12,,,,2026-09-09 01:47:30,2026-09-09 01:47:30
768,SV,SC,423,2026-10-12,,,,2026-09-09 01:47:30,2026-09-09 01:47:30
757,SV,SC,453,2026-10-12,,,,2026-09-09 01:47:30,2026-09-09 01:47:30
760,SV,SC,528,2026-10-12,,,,2026-09-09 01:47:30,2026-09-09 01:47:30
553,SV,SC,726,2026-10-11,,,,2026-09-09 01:47:30,2026-09-09 01:47:30
554,SV,SC,727,2026-10-11,,,,2026-09-09 01:47:30,2026-09-09 01:47:30
556,SV,SC,729,2026-10-11,,,,2026-09-09 01:47:30,2026-09-09 01:47:30
559,SV,SC,732,2026-10-11,,,,2026-09-09 01:47:30,2026-09-09 01:47:30
560,SV,SC,733,2026-10-11,,,,2026-09-09 01:47:30,2026-09-09 01:47:30
589,BT,SC,698,2026-10-11,,,,2026-09-09 01:47:30,2026-09-09 01:47:30
539,SV,SC,698,2026-10-11,,,,2026-09-09 01:47:30,2026-09-09 01:47:30
592,BT,SC,701,2026-10-11,,,,2026-09-09 01:47:30,2026-09-09 01:47:30
542,SV,SC,701,2026-10-11,,,,2026-09-09 01:47:30,2026-09-09 01:47:30
540,SV,SC,699,2026-10-11,,,,2026-09-09 01:47:30,2026-09-09 01:47:30
590,BT,SC,699,2026-10-11,,,,2026-09-09 01:47:30,2026-09-09 01:47:30
544,SV,SC,703,2026-10-11,,,,2026-09-09 01:47:30,2026-09-09 01:47:30
594,BT,SC,703,2026-10-11,,,,2026-09-09 01:47:30,2026-09-09 01:47:30
541,SV,SC,700,2026-10-11,,,,2026-09-09 01:47:30,2026-09-09 01:47:30
591,BT,SC,700,2026-10-11,,,,2026-09-09 01:47:30,2026-09-09 01:47:30
538,SV,SC,697,2026-10-11,,,,2026-09-09 01:47:30,2026-09-09 01:47:30
588,BT,SC,697,2026-10-11,,,,2026-09-09 01:47:30,2026-09-09 01:47:30
744,SV,SC,589,2026-10-08,,,,2026-09-09 01:47:30,2026-09-09 01:47:30
738,SV,SC,33,2026-10-08,,,,2026-09-09 01:47:30,2026-09-09 01:47:30
741,SV,SC,74,2026-10-08,,,,2026-09-09 01:47:30,2026-09-09 01:47:30
747,SV,SC,86,2026-10-08,,,,2026-09-09 01:47:30,2026-09-09 01:47:30
745,SV,SC,103,2026-10-08,,,,2026-09-09 01:47:30,2026-09-09 01:47:30
743,SV,SC,377,2026-10-08,,,,2026-09-09 01:47:30,2026-09-09 01:47:30
742,SV,SC,450,2026-10-08,,,,2026-09-09 01:47:30,2026-09-09 01:47:30
748,SV,SC,69,2026-10-07,,,,2026-09-09 01:47:30,2026-09-09 01:47:30
746,SV,SC,293,2026-10-07,,,,2026-09-09 01:47:30,2026-09-09 01:47:30
735,SV,SC,343,2026-10-07,,,,2026-09-09 01:47:30,2026-09-09 01:47:30
749,SV,SC,381,2026-10-07,,,,2026-09-09 01:47:30,2026-09-09 01:47:30
734,SV,SC,553,2026-10-07,,,,2026-09-09 01:47:30,2026-09-09 01:47:30
736,SV,SC,554,2026-10-07,,,,2026-09-09 01:47:30,2026-09-09 01:47:30
733,SV,SC,567,2026-10-07,,,,2026-09-09 01:47:30,2026-09-09 01:47:30
732,SV,SC,622,2026-10-07,,,,2026-09-09 01:47:30,2026-09-09 01:47:30
737,SV,SC,556,2026-10-06,,,,2026-09-09 01:47:30,2026-09-09 01:47:30
494,SV,SC,653,2026-10-03,,,,2026-09-09 01:47:30,2026-09-09 01:47:30
497,SV,CL,656,2026-10-03,2026-05-20,,"Serviced Unit, Checked config, Replaced Filters and oring, Cleaned lamp, pid, and pump, calibrated, all tests OK",2026-09-09 01:47:30,2026-09-09 01:47:30
498,SV,CL,657,2026-10-03,2026-04-15,,"Serviced Unit, Reset Config, Cleaned Lamp, PID sensor and Pump. Replaced filters, Manually Spanned, all ok",2026-09-09 01:47:30,2026-09-09 01:47:30
76,SV,SC,91,2026-10-03,,,,2026-09-09 01:47:30,2026-09-09 01:47:30
228,SV,SC,286,2026-10-03,,,,2026-09-09 01:47:30,2026-09-09 01:47:30
344,SV,SC,411,2026-10-03,,,,2026-09-09 01:47:30,2026-09-09 01:47:30
499,SV,SC,658,2026-10-02,,,,2026-09-09 01:47:30,2026-09-09 01:47:30
729,SV,SC,82,2026-10-02,,,,2026-09-09 01:47:30,2026-09-09 01:47:30
728,SV,SC,84,2026-10-02,,,,2026-09-09 01:47:30,2026-09-09 01:47:30
730,SV,SC,394,2026-10-02,,,,2026-09-09 01:47:30,2026-09-09 01:47:30
731,SV,SC,458,2026-10-02,,,,2026-09-09 01:47:30,2026-09-09 01:47:30
727,SV,SC,475,2026-10-02,,,,2026-09-09 01:47:30,2026-09-09 01:47:30
726,SV,SC,564,2026-10-02,,,,2026-09-09 01:47:30,2026-09-09 01:47:30
767,MS,CL,659,2026-10-01,2026-05-02,,POST REFINERY SERVICE AND CLEAN,2026-09-09 01:47:30,2026-09-09 01:47:30
718,SV,SC,664,2026-10-01,,,,2026-09-09 01:47:30,2026-09-09 01:47:30
721,SV,SC,23,2026-10-01,,,,2026-09-09 01:47:30,2026-09-09 01:47:30
724,SV,SC,79,2026-10-01,,,,2026-09-09 01:47:30,2026-09-09 01:47:30
717,SV,SC,129,2026-10-01,,,,2026-09-09 01:47:30,2026-09-09 01:47:30
722,SV,SC,224,2026-10-01,,,,2026-09-09 01:47:30,2026-09-09 01:47:30
723,SV,SC,281,2026-10-01,,,,2026-09-09 01:47:30,2026-09-09 01:47:30
719,SV,SC,296,2026-10-01,,,,2026-09-09 01:47:30,2026-09-09 01:47:30
720,SV,SC,307,2026-10-01,,,,2026-09-09 01:47:30,2026-09-09 01:47:30
711,SV,SC,624,2026-09-30,,,,2026-09-09 01:47:30,2026-09-09 01:47:30
710,SV,CL,623,2026-09-27,2026-05-20,,"Repaired Unit, cleaned out pump and replaced hoses. Cleaned lamp and PID sensor. Manually spanned, all tests passed",2026-09-09 01:47:30,2026-09-09 01:47:30
698,SV,SC,654,2026-09-26,,,,2026-09-09 01:47:30,2026-09-09 01:47:30
696,SV,SC,660,2026-09-26,,,,2026-09-09 01:47:30,2026-09-09 01:47:30
476,SV,SC,619,2026-09-26,,,,2026-09-09 01:47:30,2026-09-09 01:47:30
697,SV,CL,610,2026-09-26,2026-05-20,,"Serviced Unit, Replaced Filter and Orings, Cleaned pump, all tests OK",2026-09-09 01:47:30,2026-09-09 01:47:30
680,SV,SC,9,2026-09-26,,,,2026-09-09 01:47:30,2026-09-09 01:47:30
671,SV,SC,15,2026-09-26,,,,2026-09-09 01:47:30,2026-09-09 01:47:30
651,SV,SC,38,2026-09-26,,,,2026-09-09 01:47:30,2026-09-09 01:47:30
692,SV,SC,148,2026-09-26,,,,2026-09-09 01:47:30,2026-09-09 01:47:30
695,SV,SC,154,2026-09-26,,,,2026-09-09 01:47:30,2026-09-09 01:47:30
644,SV,SC,167,2026-09-26,,,,2026-09-09 01:47:30,2026-09-09 01:47:30
688,SV,SC,193,2026-09-26,,,,2026-09-09 01:47:30,2026-09-09 01:47:30
641,SV,SC,205,2026-09-26,,,,2026-09-09 01:47:30,2026-09-09 01:47:30
639,SV,SC,211,2026-09-26,,,,2026-09-09 01:47:30,2026-09-09 01:47:30
654,SV,SC,229,2026-09-26,,,,2026-09-09 01:47:30,2026-09-09 01:47:30
685,SV,SC,302,2026-09-26,,,,2026-09-09 01:47:30,2026-09-09 01:47:30
648,SV,SC,311,2026-09-26,,,,2026-09-09 01:47:30,2026-09-09 01:47:30
668,SV,SC,327,2026-09-26,,,,2026-09-09 01:47:30,2026-09-09 01:47:30
657,SV,SC,366,2026-09-26,,,,2026-09-09 01:47:30,2026-09-09 01:47:30
660,SV,SC,398,2026-09-26,,,,2026-09-09 01:47:30,2026-09-09 01:47:30
676,SV,SC,413,2026-09-26,,,,2026-09-09 01:47:30,2026-09-09 01:47:30
687,SV,SC,443,2026-09-26,,,,2026-09-09 01:47:30,2026-09-09 01:47:30
699,SV,SC,446,2026-09-26,,,,2026-09-09 01:47:30,2026-09-09 01:47:30
684,SV,SC,220,2026-09-25,,,,2026-09-09 01:47:30,2026-09-09 01:47:30
665,SV,SC,439,2026-09-25,,,,2026-09-09 01:47:30,2026-09-09 01:47:30
681,SV,SC,474,2026-09-25,,,,2026-09-09 01:47:30,2026-09-09 01:47:30
547,SV,SC,706,2026-09-25,,,,2026-09-09 01:47:30,2026-09-09 01:47:30
545,SV,SC,704,2026-09-25,,,,2026-09-09 01:47:30,2026-09-09 01:47:30
521,SV,SC,680,2026-09-24,,,,2026-09-09 01:47:30,2026-09-09 01:47:30
571,BT,SC,680,2026-09-24,,,,2026-09-09 01:47:30,2026-09-09 01:47:30
522,SV,SC,681,2026-09-24,,,,2026-09-09 01:47:30,2026-09-09 01:47:30
572,BT,SC,681,2026-09-24,,,,2026-09-09 01:47:30,2026-09-09 01:47:30
573,BT,SC,682,2026-09-24,,,,2026-09-09 01:47:30,2026-09-09 01:47:30
523,SV,SC,682,2026-09-24,,,,2026-09-09 01:47:30,2026-09-09 01:47:30
576,BT,SC,685,2026-09-24,,,,2026-09-09 01:47:30,2026-09-09 01:47:30
526,SV,SC,685,2026-09-24,,,,2026-09-09 01:47:30,2026-09-09 01:47:30
578,BT,SC,687,2026-09-24,,,,2026-09-09 01:47:30,2026-09-09 01:47:30
528,SV,SC,687,2026-09-24,,,,2026-09-09 01:47:30,2026-09-09 01:47:30
579,BT,SC,688,2026-09-24,,,,2026-09-09 01:47:30,2026-09-09 01:47:30
529,SV,SC,688,2026-09-24,,,,2026-09-09 01:47:30,2026-09-09 01:47:30
530,SV,SC,689,2026-09-24,,,,2026-09-09 01:47:30,2026-09-09 01:47:30
580,BT,SC,689,2026-09-24,,,,2026-09-09 01:47:30,2026-09-09 01:47:30
532,SV,SC,691,2026-09-24,,,,2026-09-09 01:47:30,2026-09-09 01:47:30
582,BT,SC,691,2026-09-24,,,,2026-09-09 01:47:30,2026-09-09 01:47:30
583,BT,SC,692,2026-09-24,,,,2026-09-09 01:47:30,2026-09-09 01:47:30
533,SV,SC,692,2026-09-24,,,,2026-09-09 01:47:30,2026-09-09 01:47:30
536,SV,SC,695,2026-09-24,,,,2026-09-09 01:47:30,2026-09-09 01:47:30
586,BT,SC,695,2026-09-24,,,,2026-09-09 01:47:30,2026-09-09 01:47:30
635,SV,SC,609,2026-09-23,,,,2026-09-09 01:47:30,2026-09-09 01:47:30
714,SV,SC,611,2026-09-22,,,,2026-09-09 01:47:30,2026-09-09 01:47:30
596,SV,SC,45,2026-09-12,,,,2026-09-09 01:47:30,2026-09-09 01:47:30
597,SV,SC,134,2026-09-12,,,,2026-09-09 01:47:30,2026-09-09 01:47:30
598,SV,SC,188,2026-09-12,,,,2026-09-09 01:47:30,2026-09-09 01:47:30
599,SV,SC,222,2026-09-12,,,,2026-09-09 01:47:30,2026-09-09 01:47:30
600,SV,SC,294,2026-09-12,,,,2026-09-09 01:47:30,2026-09-09 01:47:30
271,SV,SC,335,2026-09-12,,,,2026-09-09 01:47:30,2026-09-09 01:47:30
384,SV,SC,452,2026-09-12,,,,2026-09-09 01:47:30,2026-09-09 01:47:30
601,SV,SC,481,2026-09-12,,,,2026-09-09 01:47:30,2026-09-09 01:47:30
496,SV,CL,655,2026-09-10,2026-08-03,,"Serviced Unit, Checked Config, Replaced filters and Oring, All tests OK",2026-09-09 01:47:30,2026-09-09 01:47:30
389,SV,SC,457,2026-09-08,,,,2026-09-09 01:47:30,2026-09-09 01:47:30
595,SV,SC,6,2026-09-04,,,,2026-09-09 01:47:30,2026-09-09 01:47:30
20,SV,SC,22,2026-09-02,,,,2026-09-09 01:47:30,2026-09-09 01:47:30
602,SV,SC,117,2026-09-02,,,,2026-09-09 01:47:30,2026-09-09 01:47:30
603,SV,SC,316,2026-09-02,,,,2026-09-09 01:47:30,2026-09-09 01:47:30
299,SV,SC,364,2026-09-02,,,,2026-09-09 01:47:30,2026-09-09 01:47:30
366,SV,SC,433,2026-09-02,,,,2026-09-09 01:47:30,2026-09-09 01:47:30
385,SV,CL,453,2026-09-01,2026-04-13,,"Serviced Unit, Checked Config, Checked sensors, Calibrated, All Ok",2026-09-09 01:47:30,2026-09-09 01:47:30
394,SV,SC,462,2026-09-01,,,,2026-09-09 01:47:30,2026-09-09 01:47:30
395,SV,SC,463,2026-09-01,,,,2026-09-09 01:47:30,2026-09-09 01:47:30
396,SV,SC,464,2026-09-01,,,,2026-09-09 01:47:30,2026-09-09 01:47:30
124,SV,SC,152,2026-08-26,,,,2026-09-09 01:47:30,2026-09-09 01:47:30
374,SV,SC,442,2026-08-26,,,,2026-09-09 01:47:30,2026-09-09 01:47:30
45,SV,SC,49,2026-08-25,,,,2026-09-09 01:47:30,2026-09-09 01:47:30
604,SV,SC,67,2026-08-25,,,,2026-09-09 01:47:30,2026-09-09 01:47:30
116,SV,SC,143,2026-08-25,,,,2026-09-09 01:47:30,2026-09-09 01:47:30
145,SV,SC,182,2026-08-25,,,,2026-09-09 01:47:30,2026-09-09 01:47:30
605,SV,SC,314,2026-08-25,,,,2026-09-09 01:47:30,2026-09-09 01:47:30
284,SV,SC,348,2026-08-25,,,,2026-09-09 01:47:30,2026-09-09 01:47:30
874,SV,CL,1103,2026-08-24,2026-08-10,,"Serviced Unit, Checked Config, Replaced filters and Oring, All tests OK",2026-09-09 01:47:30,2026-09-09 01:47:30
864,SV,CL,1098,2026-08-24,2026-08-04,,"Serviced unit, Checked Config, Replaced filters and Oring. All tests ok.",2026-09-09 01:47:30,2026-09-09 01:47:30
876,SV,CL,1104,2026-08-24,2026-08-12,,"Serviced Unit, Checked Config, Replaced filters and Oring, All tests OK",2026-09-09 01:47:30,2026-09-09 01:47:30
872,SV,CL,1102,2026-08-24,2026-08-10,,"Serviced Unit, Checked Config, Replaced filters and Oring, All tests OK",2026-09-09 01:47:30,2026-09-09 01:47:30
878,SV,CL,1105,2026-08-24,2026-08-20,,"Serviced Unit, Checked Config, Replaced filters and Oring, All tests OK",2026-09-09 01:47:30,2026-09-09 01:47:30
866,SV,CL,1099,2026-08-24,2026-08-04,,"Serviced Unit, Checked Config, Replaced filters and Oring, All tests OK",2026-09-09 01:47:30,2026-09-09 01:47:30
870,SV,CL,1101,2026-08-24,2026-08-04,,"Serviced Unit, Checked Config, Replaced filters and Oring, All tests OK",2026-09-09 01:47:30,2026-09-09 01:47:30
868,SV,CL,1100,2026-08-24,2026-08-04,,"Serviced Unit, Checked Config, Replaced filters and Oring, All tests OK",2026-09-09 01:47:30,2026-09-09 01:47:30
880,SV,CL,1106,2026-08-24,2026-07-15,,"Serviced Unit, Checked Config, Replaced filters, Replaced O2 sensor, All tests OK",2026-09-09 01:47:30,2026-09-09 01:47:30
606,SV,SC,226,2026-08-24,,,,2026-09-09 01:47:30,2026-09-09 01:47:30
607,SV,SC,236,2026-08-24,,,,2026-09-09 01:47:30,2026-09-09 01:47:30
338,SV,SC,405,2026-08-24,,,,2026-09-09 01:47:30,2026-09-09 01:47:30
862,SV,CL,1097,2026-08-24,2026-08-04,,"Serviced unit, Checked config, Checked T50/90 response, Manually Cal'd. All test ok",2026-09-09 01:47:30,2026-09-09 01:47:30
860,SV,CL,1096,2026-08-24,2026-08-04,,"Serviced unit, Checked config, Checked T50/90 response, Manually Cal'd. All test ok",2026-09-09 01:47:30,2026-09-09 01:47:30
858,SV,CL,1095,2026-08-24,2026-08-04,,"Serviced Unit, Checked config. Checked T50/90 response, Manually Cal'd. All tests ok",2026-09-09 01:47:30,2026-09-09 01:47:30
608,SV,SC,25,2026-08-23,,,,2026-09-09 01:47:30,2026-09-09 01:47:30
609,SV,SC,384,2026-08-23,,,,2026-09-09 01:47:30,2026-09-09 01:47:30
610,SV,SC,14,2026-08-19,,,,2026-09-09 01:47:30,2026-09-09 01:47:30
611,SV,SC,36,2026-08-19,,,,2026-09-09 01:47:30,2026-09-09 01:47:30
304,SV,SC,369,2026-08-19,,,,2026-09-09 01:47:30,2026-09-09 01:47:30
381,SV,SC,449,2026-08-19,,,,2026-09-09 01:47:30,2026-09-09 01:47:30
612,SV,SC,108,2026-08-10,,,,2026-09-09 01:47:30,2026-09-09 01:47:30
99,SV,SC,119,2026-08-10,,,,2026-09-09 01:47:30,2026-09-09 01:47:30
122,SV,SC,150,2026-08-10,,,,2026-09-09 01:47:30,2026-09-09 01:47:30
231,SV,SC,289,2026-08-10,,,,2026-09-09 01:47:30,2026-09-09 01:47:30
613,SV,SC,435,2026-08-10,,,,2026-09-09 01:47:30,2026-09-09 01:47:30
368,SV,SC,436,2026-08-10,,,,2026-09-09 01:47:30,2026-09-09 01:47:30
370,SV,SC,438,2026-08-10,,,,2026-09-09 01:47:30,2026-09-09 01:47:30
46,SV,SC,50,2026-08-09,,,,2026-09-09 01:47:30,2026-09-09 01:47:30
614,SV,SC,114,2026-08-09,,,,2026-09-09 01:47:30,2026-09-09 01:47:30
103,SV,SC,127,2026-08-09,,,,2026-09-09 01:47:30,2026-09-09 01:47:30
123,SV,SC,151,2026-08-09,,,,2026-09-09 01:47:30,2026-09-09 01:47:30
615,SV,SC,168,2026-08-09,,,,2026-09-09 01:47:30,2026-09-09 01:47:30
616,SV,SC,181,2026-08-09,,,,2026-09-09 01:47:30,2026-09-09 01:47:30
152,SV,SC,189,2026-08-09,,,,2026-09-09 01:47:30,2026-09-09 01:47:30
617,SV,SC,277,2026-08-09,,,,2026-09-09 01:47:30,2026-09-09 01:47:30
620,SV,SC,329,2026-08-09,,,,2026-09-09 01:47:30,2026-09-09 01:47:30
621,SV,SC,352,2026-08-09,,,,2026-09-09 01:47:30,2026-09-09 01:47:30
402,SV,SC,470,2026-08-09,,,,2026-09-09 01:47:30,2026-09-09 01:47:30
622,SV,CL,583,2026-08-09,2026-05-12,,"Replaced faulty HCN sensor, Serviced and Calibrated",2026-09-09 01:47:30,2026-09-09 01:47:30
623,SV,SC,584,2026-08-09,,,,2026-09-09 01:47:30,2026-09-09 01:47:30
7,SV,SC,8,2026-08-07,,,,2026-09-09 01:47:30,2026-09-09 01:47:30
84,SV,SC,102,2026-08-07,,,,2026-09-09 01:47:30,2026-09-09 01:47:30
91,SV,SC,110,2026-08-07,,,,2026-09-09 01:47:30,2026-09-09 01:47:30
108,SV,SC,132,2026-08-07,,,,2026-09-09 01:47:30,2026-09-09 01:47:30
160,SV,SC,200,2026-08-07,,,,2026-09-09 01:47:30,2026-09-09 01:47:30
167,SV,SC,207,2026-08-07,,,,2026-09-09 01:47:30,2026-09-09 01:47:30
192,SV,SC,237,2026-08-07,,,,2026-09-09 01:47:30,2026-09-09 01:47:30
205,SV,SC,252,2026-08-07,,,,2026-09-09 01:47:30,2026-09-09 01:47:30
229,SV,SC,287,2026-08-07,,,,2026-09-09 01:47:30,2026-09-09 01:47:30
251,SV,SC,309,2026-08-07,,,,2026-09-09 01:47:30,2026-09-09 01:47:30
257,SV,SC,317,2026-08-07,,,,2026-09-09 01:47:30,2026-09-09 01:47:30
399,SV,SC,467,2026-08-07,,,,2026-09-09 01:47:30,2026-09-09 01:47:30
443,SV,SC,582,2026-08-07,,,,2026-09-09 01:47:30,2026-09-09 01:47:30
444,SV,SC,585,2026-08-07,,,,2026-09-09 01:47:30,2026-09-09 01:47:30
10,SV,SC,11,2026-08-06,,,,2026-09-09 01:47:30,2026-09-09 01:47:30
66,SV,SC,78,2026-08-06,,,,2026-09-09 01:47:30,2026-09-09 01:47:30
81,SV,SC,97,2026-08-06,,,,2026-09-09 01:47:30,2026-09-09 01:47:30
125,SV,CL,154,2026-08-06,2026-03-26,,"Serviced Unit, Checked config, 
sensors and filter, Calibrated, All ok",2026-09-09 01:47:30,2026-09-09 01:47:30
132,SV,SC,165,2026-08-06,,,,2026-09-09 01:47:30,2026-09-09 01:47:30
149,SV,SC,186,2026-08-06,,,,2026-09-09 01:47:30,2026-09-09 01:47:30
176,SV,SC,217,2026-08-06,,,,2026-09-09 01:47:30,2026-09-09 01:47:30
196,SV,SC,241,2026-08-06,,,,2026-09-09 01:47:30,2026-09-09 01:47:30
253,SV,SC,312,2026-08-06,,,,2026-09-09 01:47:30,2026-09-09 01:47:30
269,SV,SC,332,2026-08-06,,,,2026-09-09 01:47:30,2026-09-09 01:47:30
289,SV,SC,353,2026-08-06,,,,2026-09-09 01:47:30,2026-09-09 01:47:30
294,SV,SC,358,2026-08-06,,,,2026-09-09 01:47:30,2026-09-09 01:47:30
376,SV,SC,444,2026-08-06,,,,2026-09-09 01:47:30,2026-09-09 01:47:30
393,SV,SC,461,2026-08-06,,,,2026-09-09 01:47:30,2026-09-09 01:47:30
491,SV,CL,634,2026-08-05,2026-08-10,,"Serviced Unit, Checked config, Cleaned lamp, pid sensor, and pump. Replaced pump hoses. Replaced broken probe. replaced filters. All tests ok",2026-09-09 01:47:30,2026-09-09 01:47:30
154,SV,SC,191,2026-08-04,,,,2026-09-09 01:47:30,2026-09-09 01:47:30
388,SV,SC,456,2026-08-04,,,,2026-09-09 01:47:30,2026-09-09 01:47:30
716,SV,SC,620,2026-08-03,,,,2026-09-09 01:47:30,2026-09-09 01:47:30
624,SV,SC,83,2026-08-03,,,,2026-09-09 01:47:30,2026-09-09 01:47:30
212,SV,SC,261,2026-08-03,,,,2026-09-09 01:47:30,2026-09-09 01:47:30
243,SV,SC,301,2026-08-03,,,,2026-09-09 01:47:30,2026-09-09 01:47:30
625,SV,CL,417,2026-08-03,2026-05-04,,"Serviced Unit, Checked Config, Calibrated, All Ok",2026-09-09 01:47:30,2026-09-09 01:47:30
626,SV,SC,419,2026-08-03,,,,2026-09-09 01:47:30,2026-09-09 01:47:30
627,SV,SC,420,2026-08-03,,,,2026-09-09 01:47:30,2026-09-09 01:47:30
628,SV,SC,421,2026-08-03,,,,2026-09-09 01:47:30,2026-09-09 01:47:30
629,SV,SC,425,2026-08-03,,,,2026-09-09 01:47:30,2026-09-09 01:47:30
630,SV,SC,429,2026-08-03,,,,2026-09-09 01:47:30,2026-09-09 01:47:30
631,SV,SC,437,2026-08-03,,,,2026-09-09 01:47:30,2026-09-09 01:47:30
445,SV,SC,586,2026-08-03,,,,2026-09-09 01:47:30,2026-09-09 01:47:30
632,SV,SC,238,2026-08-02,,,,2026-09-09 01:47:30,2026-09-09 01:47:30
633,SV,SC,326,2026-08-02,,,,2026-09-09 01:47:30,2026-09-09 01:47:30
634,SV,CL,377,2026-08-02,2026-04-08,,"Serviced Unit, Checked Config, Checked sensors, Calibrated, All Ok",2026-09-09 01:47:30,2026-09-09 01:47:30
276,SV,SC,340,2026-07-29,,,,2026-09-09 01:47:30,2026-09-09 01:47:30
408,SV,SC,476,2026-07-29,,,,2026-09-09 01:47:30,2026-09-09 01:47:30
25,SV,SC,27,2026-07-28,,,,2026-09-09 01:47:30,2026-09-09 01:47:30
40,SV,SC,43,2026-07-28,,,,2026-09-09 01:47:30,2026-09-09 01:47:30
184,SV,SC,228,2026-07-28,,,,2026-09-09 01:47:30,2026-09-09 01:47:30
204,SV,SC,251,2026-07-28,,,,2026-09-09 01:47:30,2026-09-09 01:47:30
255,SV,SC,315,2026-07-28,,,,2026-09-09 01:47:30,2026-09-09 01:47:30
377,SV,SC,445,2026-07-28,,,,2026-09-09 01:47:30,2026-09-09 01:47:30
49,SV,SC,55,2026-07-19,,,,2026-09-09 01:47:30,2026-09-09 01:47:30
50,SV,SC,57,2026-07-19,,,,2026-09-09 01:47:30,2026-09-09 01:47:30
79,SV,SC,95,2026-07-19,,,,2026-09-09 01:47:30,2026-09-09 01:47:30
234,SV,SC,292,2026-07-19,,,,2026-09-09 01:47:30,2026-09-09 01:47:30
240,SV,SC,298,2026-07-19,,,,2026-09-09 01:47:30,2026-09-09 01:47:30
465,SV,CL,608,2026-07-15,2026-04-27,,"Serviced Unit, Checked config, Cleaned pump, Replaced filters, All ok",2026-09-09 01:47:30,2026-09-09 01:47:30
507,SV,SC,666,2026-07-14,,,,2026-09-09 01:47:30,2026-09-09 01:47:30
2,SV,SC,2,2026-07-14,,,,2026-09-09 01:47:30,2026-09-09 01:47:30
39,SV,SC,42,2026-07-14,,,,2026-09-09 01:47:30,2026-09-09 01:47:30
44,SV,SC,47,2026-07-14,,,,2026-09-09 01:47:30,2026-09-09 01:47:30
180,SV,SC,221,2026-07-14,,,,2026-09-09 01:47:30,2026-09-09 01:47:30
367,SV,SC,434,2026-07-14,,,,2026-09-09 01:47:30,2026-09-09 01:47:30
62,SV,CL,74,2026-07-13,2026-04-08,,"Serviced Unit, Checked Config, Checked sensors, Calibrated, All Ok",2026-09-09 01:47:30,2026-09-09 01:47:30
83,SV,SC,101,2026-07-13,,,,2026-09-09 01:47:30,2026-09-09 01:47:30
93,SV,SC,113,2026-07-13,,,,2026-09-09 01:47:30,2026-09-09 01:47:30
174,SV,SC,215,2026-07-13,,,,2026-09-09 01:47:30,2026-09-09 01:47:30
391,SV,SC,459,2026-07-13,,,,2026-09-09 01:47:30,2026-09-09 01:47:30
484,SV,CL,627,2026-07-01,2026-06-04,,"Service Unit, Checked config, cleaned lamp ,pid and pump. Replaced pump hoses and filters, manually spanned, all tests ok",2026-09-09 01:47:30,2026-09-09 01:47:30
37,SV,SC,40,2026-06-29,,,,2026-09-09 01:47:30,2026-09-09 01:47:30
64,SV,SC,76,2026-06-29,,,,2026-09-09 01:47:30,2026-09-09 01:47:30
247,SV,SC,305,2026-06-29,,,,2026-09-09 01:47:30,2026-09-09 01:47:30
300,SV,SC,365,2026-06-29,,,,2026-09-09 01:47:30,2026-09-09 01:47:30
308,SV,CL,373,2026-06-29,2026-04-13,,"Serviced Unit, Checked Config, Checked sensors, Calibrated, All Ok",2026-09-09 01:47:30,2026-09-09 01:47:30
309,SV,SC,375,2026-06-29,,,,2026-09-09 01:47:30,2026-09-09 01:47:30
355,SV,SC,422,2026-06-29,,,,2026-09-09 01:47:30,2026-09-09 01:47:30
397,SV,SC,465,2026-06-29,,,,2026-09-09 01:47:30,2026-09-09 01:47:30
428,SV,CL,565,2026-06-29,2026-05-04,,"Serviced Unit, Replaced O2 Sensor, Checked Config, Calibrated, All Ok",2026-09-09 01:47:30,2026-09-09 01:47:30
429,SV,SC,566,2026-06-29,,,,2026-09-09 01:47:30,2026-09-09 01:47:30
430,SV,SC,568,2026-06-29,,,,2026-09-09 01:47:30,2026-09-09 01:47:30
432,SV,SC,570,2026-06-29,,,,2026-09-09 01:47:30,2026-09-09 01:47:30
433,SV,SC,572,2026-06-29,,,,2026-09-09 01:47:30,2026-09-09 01:47:30
434,SV,SC,573,2026-06-29,,,,2026-09-09 01:47:30,2026-09-09 01:47:30
435,SV,SC,574,2026-06-29,,,,2026-09-09 01:47:30,2026-09-09 01:47:30
436,SV,SC,575,2026-06-29,,,,2026-09-09 01:47:30,2026-09-09 01:47:30
437,SV,SC,576,2026-06-29,,,,2026-09-09 01:47:30,2026-09-09 01:47:30
438,SV,SC,577,2026-06-29,,,,2026-09-09 01:47:30,2026-09-09 01:47:30
439,SV,SC,578,2026-06-29,,,,2026-09-09 01:47:30,2026-09-09 01:47:30
440,SV,SC,579,2026-06-29,,,,2026-09-09 01:47:30,2026-09-09 01:47:30
441,SV,SC,580,2026-06-29,,,,2026-09-09 01:47:30,2026-09-09 01:47:30
148,SV,SC,185,2026-06-22,,,,2026-09-09 01:47:30,2026-09-09 01:47:30
285,SV,SC,349,2026-06-22,,,,2026-09-09 01:47:30,2026-09-09 01:47:30
383,SV,SC,451,2026-06-22,,,,2026-09-09 01:47:30,2026-09-09 01:47:30
848,SV,CL,1093,2026-06-21,2026-06-16,,"Service Unit, Checked config, Manually Spanned, Checked T50/90, All tests OK.",2026-09-09 01:47:30,2026-09-09 01:47:30
846,SV,CL,1092,2026-06-21,2026-06-16,,"Serviced Unit, Checked config, Manually Spanned, Checked T50/90. All Tests OK.",2026-09-09 01:47:30,2026-09-09 01:47:30
850,SV,CL,1094,2026-06-21,2026-06-16,,"Service Unit, Checked config, Manually Spanned, Checked T50/90, All tests OK.",2026-09-09 01:47:30,2026-09-09 01:47:30
4,SV,SC,4,2026-06-17,,,,2026-09-09 01:47:30,2026-09-09 01:47:30
117,SV,SC,144,2026-06-17,,,,2026-09-09 01:47:30,2026-09-09 01:47:30
172,SV,SC,213,2026-06-17,,,,2026-09-09 01:47:30,2026-09-09 01:47:30
237,SV,SC,295,2026-06-17,,,,2026-09-09 01:47:30,2026-09-09 01:47:30
314,SV,CL,381,2026-06-17,2026-04-08,,"Serviced Unit, Checked Config, Checked sensors, Calibrated, All Ok",2026-09-09 01:47:30,2026-09-09 01:47:30
392,SV,SC,460,2026-06-17,,,,2026-09-09 01:47:30,2026-09-09 01:47:30
400,SV,SC,468,2026-06-17,,,,2026-09-09 01:47:30,2026-09-09 01:47:30
840,SV,CL,1089,2026-06-15,2026-06-15,,"Serviced units, Replaced filters and oring, checked config, cleaned pid and lamp, All tests ok",2026-09-09 01:47:30,2026-09-09 01:47:30
844,SV,CL,1091,2026-06-15,2026-06-15,,"Serviced units, Replaced filters and oring, checked config, cleaned pid and lamp, All tests ok",2026-09-09 01:47:30,2026-09-09 01:47:30
842,SV,CL,1090,2026-06-15,2026-06-15,,"Serviced units, Replaced filters and oring, checked config, cleaned pid and lamp, All tests ok",2026-09-09 01:47:30,2026-09-09 01:47:30
345,SV,SC,412,2026-06-07,,,,2026-09-09 01:47:30,2026-09-09 01:47:30
386,SV,SC,454,2026-06-07,,,,2026-09-09 01:47:30,2026-09-09 01:47:30
836,SV,CL,1087,2026-06-04,2026-06-04,,"Service Unit, Checked config, cleaned lamp ,pid and pump. Replaced pump hoses and filters, manually spanned, all tests ok",2026-09-09 01:47:30,2026-09-09 01:47:30
838,SV,CL,1088,2026-06-04,2026-06-04,,"Service Unit, Checked config, cleaned lamp ,pid and pump. Replaced pump hoses and filters, manually spanned, all tests ok",2026-09-09 01:47:30,2026-09-09 01:47:30
414,SV,SC,550,2026-06-04,,,,2026-09-09 01:47:30,2026-09-09 01:47:30
415,SV,SC,551,2026-06-04,,,,2026-09-09 01:47:30,2026-09-09 01:47:30
416,SV,SC,552,2026-06-04,,,,2026-09-09 01:47:30,2026-09-09 01:47:30
403,SV,SC,471,2026-06-02,,,,2026-09-09 01:47:30,2026-09-09 01:47:30
815,SV,CL,1083,2026-06-01,2026-06-01,,"Serviced Unit, Checked config, Replaced Filters and oring, calibrated, all tests OK",2026-09-09 01:47:30,2026-09-09 01:47:30
825,SV,CL,1085,2026-06-01,2026-05-28,,"Serviced Unit, Replaced Filter and Orings, Cleaned lamp and pid sensor, all tests OK",2026-09-09 01:47:30,2026-09-09 01:47:30
485,SV,CL,628,2026-05-31,2026-06-30,,"Serviced Unit, checked config, Cleaned Lamp, PID sensor and pump. Replaced filters, Replaced pump hoses. All tests ok.",2026-09-09 01:47:30,2026-09-09 01:47:30
19,SV,SC,21,2026-05-26,,,,2026-09-09 01:47:30,2026-09-09 01:47:30
242,SV,SC,300,2026-05-26,,,,2026-09-09 01:47:30,2026-09-09 01:47:30
295,SV,SC,360,2026-05-26,,,,2026-09-09 01:47:30,2026-09-09 01:47:30
319,SV,SC,386,2026-05-26,,,,2026-09-09 01:47:30,2026-09-09 01:47:30
203,SV,SC,249,2026-05-24,,,,2026-09-09 01:47:30,2026-09-09 01:47:30
513,SV,SC,672,2026-05-20,,,,2026-09-09 01:47:30,2026-09-09 01:47:30
6,SV,SC,7,2026-05-20,,,,2026-09-09 01:47:30,2026-09-09 01:47:30
9,SV,SC,10,2026-05-20,,,,2026-09-09 01:47:30,2026-09-09 01:47:30
17,SV,SC,19,2026-05-20,,,,2026-09-09 01:47:30,2026-09-09 01:47:30
26,SV,SC,28,2026-05-20,,,,2026-09-09 01:47:30,2026-09-09 01:47:30
89,SV,SC,107,2026-05-20,,,,2026-09-09 01:47:30,2026-09-09 01:47:30
139,SV,SC,175,2026-05-20,,,,2026-09-09 01:47:30,2026-09-09 01:47:30
159,SV,SC,199,2026-05-20,,,,2026-09-09 01:47:30,2026-09-09 01:47:30
170,SV,CL,211,2026-05-20,2026-03-25,,"Inspected unit and replaced battery.
Checked sensors for leakage. All ok",2026-09-09 01:47:30,2026-09-09 01:47:30
185,SV,CL,229,2026-05-20,2026-03-26,,"Serviced Unit, Checked config, 
sensors and filter, Calibrated, All ok",2026-09-09 01:47:30,2026-09-09 01:47:30
213,SV,SC,262,2026-05-20,,,,2026-09-09 01:47:30,2026-09-09 01:47:30
221,SV,SC,273,2026-05-20,,,,2026-09-09 01:47:30,2026-09-09 01:47:30
808,BT,CL,18,2026-05-19,2026-05-19,,REPLACED BATTERY,2026-09-09 01:47:30,2026-09-09 01:47:30
802,BT,CL,94,2026-05-19,2026-05-19,,REPLACED BATTERY,2026-09-09 01:47:30,2026-09-09 01:47:30
796,BT,CL,141,2026-05-19,2026-05-19,,REPLACED BATTERY,2026-09-09 01:47:30,2026-09-09 01:47:30
794,BT,CL,156,2026-05-19,2026-05-19,,REPLACED BATTERY,2026-09-09 01:47:30,2026-09-09 01:47:30
786,BT,CL,335,2026-05-19,2026-05-19,,Replaced Battery,2026-09-09 01:47:30,2026-09-09 01:47:30
790,BT,CL,399,2026-05-19,2026-05-19,,Replaced Battery,2026-09-09 01:47:30,2026-09-09 01:47:30
788,BT,CL,405,2026-05-19,2026-05-19,,Replaced Battery,2026-09-09 01:47:30,2026-09-09 01:47:30
831,SV,CL,1086,2026-05-18,2026-05-20,,"Serviced Unit, Checked Config, Cleaned Lamp, PID, and Pump. Replaced Filters, All tests OK",2026-09-09 01:47:30,2026-09-09 01:47:30
818,SV,CL,1084,2026-05-17,2026-05-20,,"Serviced unit, Checked Config, Cleaned lamp, PID, and pump, replaced Filters. Manually Spanned, All OK.",2026-09-09 01:47:30,2026-09-09 01:47:30
464,SV,CL,607,2026-05-17,2026-05-20,,"Serviced Unit, Replaced Filter and Orings, Cleaned lamp and pid sensor, all tests OK",2026-09-09 01:47:30,2026-09-09 01:47:30
32,SV,SC,35,2026-05-17,,,,2026-09-09 01:47:30,2026-09-09 01:47:30
53,SV,SC,62,2026-05-17,,,,2026-09-09 01:47:30,2026-09-09 01:47:30
54,SV,SC,63,2026-05-17,,,,2026-09-09 01:47:30,2026-09-09 01:47:30
74,SV,SC,87,2026-05-17,,,,2026-09-09 01:47:30,2026-09-09 01:47:30
168,SV,SC,209,2026-05-17,,,,2026-09-09 01:47:30,2026-09-09 01:47:30
175,SV,SC,216,2026-05-17,,,,2026-09-09 01:47:30,2026-09-09 01:47:30
187,SV,SC,231,2026-05-17,,,,2026-09-09 01:47:30,2026-09-09 01:47:30
190,SV,SC,234,2026-05-17,,,,2026-09-09 01:47:30,2026-09-09 01:47:30
227,SV,SC,284,2026-05-17,,,,2026-09-09 01:47:30,2026-09-09 01:47:30
278,SV,SC,342,2026-05-17,,,,2026-09-09 01:47:30,2026-09-09 01:47:30
281,SV,SC,345,2026-05-17,,,,2026-09-09 01:47:30,2026-09-09 01:47:30
298,SV,SC,363,2026-05-17,,,,2026-09-09 01:47:30,2026-09-09 01:47:30
302,SV,SC,367,2026-05-17,,,,2026-09-09 01:47:30,2026-09-09 01:47:30
313,SV,SC,380,2026-05-17,,,,2026-09-09 01:47:30,2026-09-09 01:47:30
339,SV,CL,406,2026-05-17,2026-04-13,,"Serviced Unit, Checked Config, Checked sensors, Calibrated, All Ok",2026-09-09 01:47:30,2026-09-09 01:47:30
411,SV,SC,526,2026-05-17,,,,2026-09-09 01:47:30,2026-09-09 01:47:30
412,SV,SC,527,2026-05-17,,,,2026-09-09 01:47:30,2026-09-09 01:47:30
413,SV,CL,528,2026-05-17,2026-04-13,,"Serviced Unit, Checked Config, Checked sensors, Calibrated, All Ok",2026-09-09 01:47:30,2026-09-09 01:47:30
448,SV,CL,589,2026-05-13,2026-04-08,,"Serviced Unit, Checked Config, Checked sensors, Calibrated, All Ok",2026-09-09 01:47:30,2026-09-09 01:47:30
135,SV,SC,171,2026-05-13,,,,2026-09-09 01:47:30,2026-09-09 01:47:30
287,SV,SC,351,2026-05-13,,,,2026-09-09 01:47:30,2026-09-09 01:47:30
322,SV,SC,389,2026-05-13,,,,2026-09-09 01:47:30,2026-09-09 01:47:30
337,SV,SC,404,2026-05-13,,,,2026-09-09 01:47:30,2026-09-09 01:47:30
446,SV,CL,587,2026-05-10,2026-06-04,,"Service Unit, Checked config, cleaned lamp ,pid and pump. Replaced pump hoses and filters, manually spanned, all tests ok",2026-09-09 01:47:30,2026-09-09 01:47:30
454,SV,CL,595,2026-05-10,2026-06-26,,"Serviced Unit, checked config, cleaned pump. Replaced filters, All tests ok.",2026-09-09 01:47:30,2026-09-09 01:47:30
75,SV,SC,90,2026-05-07,,,,2026-09-09 01:47:30,2026-09-09 01:47:30
95,SV,SC,115,2026-05-07,,,,2026-09-09 01:47:30,2026-09-09 01:47:30
96,SV,SC,116,2026-05-07,,,,2026-09-09 01:47:30,2026-09-09 01:47:30
118,SV,SC,145,2026-05-07,,,,2026-09-09 01:47:30,2026-09-09 01:47:30
137,SV,SC,173,2026-05-07,,,,2026-09-09 01:47:30,2026-09-09 01:47:30
141,SV,SC,178,2026-05-07,,,,2026-09-09 01:47:30,2026-09-09 01:47:30
157,SV,SC,196,2026-05-07,,,,2026-09-09 01:47:30,2026-09-09 01:47:30
312,SV,SC,378,2026-05-07,,,,2026-09-09 01:47:30,2026-09-09 01:47:30
326,SV,SC,393,2026-05-07,,,,2026-09-09 01:47:30,2026-09-09 01:47:30
363,SV,SC,430,2026-05-07,,,,2026-09-09 01:47:30,2026-09-09 01:47:30
431,SV,SC,569,2026-05-07,,,,2026-09-09 01:47:30,2026-09-09 01:47:30
486,SV,SC,629,2026-05-06,,,,2026-09-09 01:47:30,2026-09-09 01:47:30
776,MS,CL,659,2026-05-04,2026-05-05,,POST VIVA REFINERY SERVICE AND CLEAN,2026-09-09 01:47:30,2026-09-09 01:47:30
778,MS,CL,664,2026-05-04,2026-05-05,,POST VIVA REFINERY SERVICE AND CLEAN,2026-09-09 01:47:30,2026-09-09 01:47:30
514,MS,CL,673,2026-05-03,2026-05-18,,"serviced Unit, cleaned out pump and replaced filters. Cleaned lamp and PID sensor. Manually spanned, all tests passed",2026-09-09 01:47:30,2026-09-09 01:47:30
461,SV,SC,602,2026-04-30,,,,2026-09-09 01:47:30,2026-09-09 01:47:30
207,SV,SC,255,2026-04-30,,,,2026-09-09 01:47:30,2026-09-09 01:47:30
315,SV,SC,382,2026-04-30,,,,2026-09-09 01:47:30,2026-09-09 01:47:30
405,SV,SC,473,2026-04-30,,,,2026-09-09 01:47:30,2026-09-09 01:47:30
42,SV,CL,45,2026-04-28,2026-03-12,,,2026-09-09 01:47:30,2026-09-09 01:47:30
47,SV,SC,53,2026-04-28,,,,2026-09-09 01:47:30,2026-09-09 01:47:30
63,SV,SC,75,2026-04-28,,,,2026-09-09 01:47:30,2026-09-09 01:47:30
85,SV,CL,103,2026-04-28,2026-04-08,,"Serviced Unit, Checked Config, Checked sensors, Calibrated, All Ok",2026-09-09 01:47:30,2026-09-09 01:47:30
87,SV,SC,105,2026-04-28,,,,2026-09-09 01:47:30,2026-09-09 01:47:30
140,SV,SC,176,2026-04-28,,,,2026-09-09 01:47:30,2026-09-09 01:47:30
142,SV,CL,179,2026-04-28,2026-04-22,,"REPLACED HCN SENSOR, SERVICED UNIT, RESET CONFIG, CALIBRATED ALL OK",2026-09-09 01:47:30,2026-09-09 01:47:30
283,SV,SC,347,2026-04-28,,,,2026-09-09 01:47:30,2026-09-09 01:47:30
297,SV,SC,362,2026-04-28,,,,2026-09-09 01:47:30,2026-09-09 01:47:30
27,SV,SC,29,2026-04-27,,,,2026-09-09 01:47:30,2026-09-09 01:47:30
29,SV,SC,32,2026-04-27,,,,2026-09-09 01:47:30,2026-09-09 01:47:30
70,SV,CL,82,2026-04-27,2026-04-02,,"Serviced Unit, checked config, checked sensors for leakage, Calibrated, all ok",2026-09-09 01:47:30,2026-09-09 01:47:30
98,SV,SC,118,2026-04-27,,,,2026-09-09 01:47:30,2026-09-09 01:47:30
163,SV,CL,203,2026-04-27,2026-04-13,,"Serviced Unit, Checked Config, Checked sensors, Calibrated, All Ok",2026-09-09 01:47:30,2026-09-09 01:47:30
18,SV,SC,20,2026-04-23,,,,2026-09-09 01:47:30,2026-09-09 01:47:30
129,SV,SC,162,2026-04-23,,,,2026-09-09 01:47:30,2026-09-09 01:47:30
183,SV,SC,227,2026-04-23,,,,2026-09-09 01:47:30,2026-09-09 01:47:30
22,SV,SC,24,2026-04-22,,,,2026-09-09 01:47:30,2026-09-09 01:47:30
60,SV,SC,72,2026-04-22,,,,2026-09-09 01:47:30,2026-09-09 01:47:30
230,SV,SC,288,2026-04-22,,,,2026-09-09 01:47:30,2026-09-09 01:47:30
264,SV,SC,325,2026-04-22,,,,2026-09-09 01:47:30,2026-09-09 01:47:30
357,SV,SC,424,2026-04-22,,,,2026-09-09 01:47:30,2026-09-09 01:47:30
425,SV,SC,561,2026-04-22,,,,2026-09-09 01:47:30,2026-09-09 01:47:30
41,SV,SC,44,2026-04-21,,,,2026-09-09 01:47:30,2026-09-09 01:47:30
78,SV,SC,94,2026-04-21,,,,2026-09-09 01:47:30,2026-09-09 01:47:30
421,SV,SC,557,2026-04-21,,,,2026-09-09 01:47:30,2026-09-09 01:47:30
422,SV,SC,558,2026-04-21,,,,2026-09-09 01:47:30,2026-09-09 01:47:30
423,SV,SC,559,2026-04-21,,,,2026-09-09 01:47:30,2026-09-09 01:47:30
424,SV,SC,560,2026-04-21,,,,2026-09-09 01:47:30,2026-09-09 01:47:30
279,SV,CL,343,2026-04-20,2026-04-07,,"Serviced Unit, Checked Config, Calibrated, all Ok",2026-09-09 01:47:30,2026-09-09 01:47:30
417,SV,CL,553,2026-04-20,2026-04-07,,"Serviced Unit, Checked Config, Calibrated, all Ok",2026-09-09 01:47:30,2026-09-09 01:47:30
418,SV,CL,554,2026-04-20,2026-04-07,,"Serviced Unit, Checked Config, Calibrated, all Ok",2026-09-09 01:47:30,2026-09-09 01:47:30
419,SV,SC,555,2026-04-20,,,,2026-09-09 01:47:30,2026-09-09 01:47:30
420,SV,CL,556,2026-04-20,2026-04-07,,"Serviced Unit, Checked Config, Calibrated, all Ok",2026-09-09 01:47:30,2026-09-09 01:47:30
492,SV,SC,651,2026-04-14,,,,2026-09-09 01:47:30,2026-09-09 01:47:30
495,SV,CL,654,2026-04-14,2026-03-26,,"Serviced Unit, Checked config, 
sensors and filter, Calibrated, All ok",2026-09-09 01:47:30,2026-09-09 01:47:30
502,SV,CL,661,2026-04-14,2026-04-15,,"Serviced Unit, Reset Config, Cleaned Lamp, PID sensor and Pump. Replaced filters, Manually Spanned, all ok",2026-09-09 01:47:30,2026-09-09 01:47:30
511,SV,CL,670,2026-04-14,2026-05-27,,"Serviced Unit, Replaced Filter and Orings, Cleaned lamp and pid sensor, all tests OK",2026-09-09 01:47:30,2026-09-09 01:47:30
373,SV,SC,441,2026-04-13,,,,2026-09-09 01:47:30,2026-09-09 01:47:30
739,BT,CL,33,2026-04-08,2026-04-08,,Replaced Battery,2026-09-09 01:47:30,2026-09-09 01:47:30
752,BT,CL,54,2026-04-08,2026-04-08,,REPLACED BATTERY,2026-09-09 01:47:30,2026-09-09 01:47:30
750,BT,CL,381,2026-04-08,2026-04-08,,REPLACED BATTERY,2026-09-09 01:47:30,2026-09-09 01:47:30
28,SV,SC,30,2026-04-06,,,,2026-09-09 01:47:30,2026-09-09 01:47:30
55,SV,SC,65,2026-04-06,,,,2026-09-09 01:47:30,2026-09-09 01:47:30
177,SV,SC,218,2026-04-06,,,,2026-09-09 01:47:30,2026-09-09 01:47:30
214,SV,SC,264,2026-04-06,,,,2026-09-09 01:47:30,2026-09-09 01:47:30
219,SV,SC,270,2026-04-06,,,,2026-09-09 01:47:30,2026-09-09 01:47:30
260,SV,SC,321,2026-04-06,,,,2026-09-09 01:47:30,2026-09-09 01:47:30
387,SV,SC,455,2026-04-06,,,,2026-09-09 01:47:30,2026-09-09 01:47:30
427,SV,SC,563,2026-04-06,,,,2026-09-09 01:47:30,2026-09-09 01:47:30
165,SV,CL,205,2026-04-03,2026-03-26,,"Serviced unit, checked sensors, config, filters all ok. Calibrated unit",2026-09-09 01:47:30,2026-09-09 01:47:30
236,SV,CL,294,2026-04-03,2026-03-12,,,2026-09-09 01:47:30,2026-09-09 01:47:30
404,SV,SC,472,2026-04-02,,,,2026-09-09 01:47:30,2026-09-09 01:47:30
725,SV,CL,564,2026-04-02,2026-04-02,,"Serviced unit, reset configuration, checked sensors, Calibrated, all ok.",2026-09-09 01:47:30,2026-09-09 01:47:30
15,SV,SC,17,2026-03-30,,,,2026-09-09 01:47:30,2026-09-09 01:47:30
712,BT,CL,42,2026-03-29,2026-03-30,,Replaced Battery,2026-09-09 01:47:30,2026-09-09 01:47:30
636,MS,CL,236,2026-03-29,2026-03-23,,"Checked Sensor age all good, Calibrated unit. All good.",2026-09-09 01:47:30,2026-09-09 01:47:30
702,BT,CL,220,2026-03-26,2026-03-26,,replaced battery,2026-09-09 01:47:30,2026-09-09 01:47:30
704,BT,CL,236,2026-03-26,2026-02-02,,replaced battery,2026-09-09 01:47:30,2026-09-09 01:47:30
708,BT,CL,302,2026-03-26,2026-03-27,,Replaced Battery,2026-09-09 01:47:30,2026-09-09 01:47:30
706,BT,CL,364,2026-03-26,2026-03-01,,Replaced battery,2026-09-09 01:47:30,2026-09-09 01:47:30
700,BT,CL,446,2026-03-26,2026-03-26,,replaced battery,2026-09-09 01:47:30,2026-09-09 01:47:30
678,BT,CL,9,2026-03-25,2026-03-26,,Replaced Battery,2026-09-09 01:47:30,2026-09-09 01:47:30
672,BT,CL,15,2026-03-25,2026-03-26,,Replaced battery,2026-09-09 01:47:30,2026-09-09 01:47:30
652,BT,CL,38,2026-03-25,2026-03-26,,Replaced Battery,2026-09-09 01:47:30,2026-09-09 01:47:30
663,BT,CL,50,2026-03-25,2026-03-26,,replaced battery,2026-09-09 01:47:30,2026-09-09 01:47:30
693,BT,CL,148,2026-03-25,2026-03-26,,REPLACED BATTERY,2026-09-09 01:47:30,2026-09-09 01:47:30
645,BT,CL,167,2026-03-25,2026-03-26,,Replaced Battery,2026-09-09 01:47:30,2026-09-09 01:47:30
647,BT,CL,167,2026-03-25,2026-03-26,,Replaced Battery,2026-09-09 01:47:30,2026-09-09 01:47:30
691,MS,CL,181,2026-03-25,2026-03-26,,"Serviced Unit, Checked config, 
sensors and filter, Calibrated, All ok",2026-09-09 01:47:30,2026-09-09 01:47:30
674,BT,CL,189,2026-03-25,2026-03-26,,replaced battery,2026-09-09 01:47:30,2026-09-09 01:47:30
689,BT,CL,193,2026-03-25,2026-03-26,,REPLACED BATTERY,2026-09-09 01:47:30,2026-09-09 01:47:30
642,BT,CL,205,2026-03-25,2026-03-26,,Replaced Battery,2026-09-09 01:47:30,2026-09-09 01:47:30
655,BT,CL,229,2026-03-25,2026-03-26,,replaced battery,2026-09-09 01:47:30,2026-09-09 01:47:30
649,BT,CL,311,2026-03-25,2026-03-26,,Replaced Battery,2026-09-09 01:47:30,2026-09-09 01:47:30
669,BT,CL,327,2026-03-25,2026-03-26,,replaced battery,2026-09-09 01:47:30,2026-09-09 01:47:30
658,BT,CL,366,2026-03-25,2026-03-26,,Replaced Battery,2026-09-09 01:47:30,2026-09-09 01:47:30
661,BT,CL,398,2026-03-25,2026-03-26,,Replaced battery,2026-09-09 01:47:30,2026-09-09 01:47:30
666,BT,CL,439,2026-03-25,2026-03-26,,replaced battery,2026-09-09 01:47:30,2026-09-09 01:47:30
682,BT,CL,474,2026-03-25,2026-03-26,,Replaced battery,2026-09-09 01:47:30,2026-09-09 01:47:30
638,MS,CL,460,2026-03-24,2026-03-24,,"Inspected unit. Calibrated, all ok",2026-09-09 01:47:30,2026-09-09 01:47:30
503,SV,CL,662,2026-03-23,2026-04-15,,"Serviced Unit, Reset Config, Cleaned Lamp, PID sensor and Pump. Replaced filters, Manually Spanned, all ok",2026-09-09 01:47:30,2026-09-09 01:47:30
637,MS,CL,236,2026-03-23,2026-03-23,,Accidentally  sheduled,2026-09-09 01:47:30,2026-09-09 01:47:30
567,SV,SC,747,2026-03-23,,,,2026-09-09 01:47:30,2026-09-09 01:47:30
566,SV,SC,746,2026-03-22,,,,2026-09-09 01:47:30,2026-09-09 01:47:30
565,SV,SC,745,2026-03-21,,,,2026-09-09 01:47:30,2026-09-09 01:47:30
564,SV,SC,744,2026-03-20,,,,2026-09-09 01:47:30,2026-09-09 01:47:30
130,SV,SC,163,2026-03-19,,,,2026-09-09 01:47:30,2026-09-09 01:47:30
133,SV,CL,167,2026-03-19,2026-03-26,,"Serviced unit, checked sensors, filter and config. 
Calibrated, all ok",2026-09-09 01:47:30,2026-09-09 01:47:30
508,SV,SC,667,2026-03-18,,,,2026-09-09 01:47:30,2026-09-09 01:47:30
510,SV,SC,669,2026-03-18,,,,2026-09-09 01:47:30,2026-09-09 01:47:30
1,SV,SC,1,2026-03-18,,,,2026-09-09 01:47:30,2026-09-09 01:47:30
23,SV,CL,25,2026-03-18,2026-02-23,,,2026-09-09 01:47:30,2026-09-09 01:47:30
72,SV,CL,84,2026-03-18,2026-04-02,,"Serviced Unit, checked config, checked sensors for leakage, Calibrated, all ok",2026-09-09 01:47:30,2026-09-09 01:47:30
82,SV,SC,100,2026-03-18,,,,2026-09-09 01:47:30,2026-09-09 01:47:30
107,SV,SC,131,2026-03-18,,,,2026-09-09 01:47:30,2026-09-09 01:47:30
144,SV,CL,181,2026-03-18,2026-02-09,,,2026-09-09 01:47:30,2026-09-09 01:47:30
151,SV,CL,188,2026-03-18,2026-03-12,,,2026-09-09 01:47:30,2026-09-09 01:47:30
156,SV,SC,195,2026-03-18,,,,2026-09-09 01:47:30,2026-09-09 01:47:30
233,SV,SC,291,2026-03-18,,,,2026-09-09 01:47:30,2026-09-09 01:47:30
256,SV,CL,316,2026-03-18,2026-03-02,,,2026-09-09 01:47:30,2026-09-09 01:47:30
272,SV,SC,336,2026-03-18,,,,2026-09-09 01:47:30,2026-09-09 01:47:30
288,SV,CL,352,2026-03-18,2026-02-09,,,2026-09-09 01:47:30,2026-09-09 01:47:30
324,SV,SC,391,2026-03-18,,,,2026-09-09 01:47:30,2026-09-09 01:47:30
336,SV,SC,403,2026-03-18,,,,2026-09-09 01:47:30,2026-09-09 01:47:30
516,SV,CL,675,2026-03-16,2026-04-20,,"Cleaned LAmp, Pid, Pump, Checked config, replaced filters, manually spanned. all ok",2026-09-09 01:47:30,2026-09-09 01:47:30
13,SV,CL,15,2026-03-16,2026-03-26,,"Serviced Unit, Checked config, 
sensors and filter, Calibrated, All ok",2026-09-09 01:47:30,2026-09-09 01:47:30
16,SV,SC,18,2026-03-16,,,,2026-09-09 01:47:30,2026-09-09 01:47:30
21,SV,CL,23,2026-03-16,2026-04-01,,"Serviced Unit, Checked config, 
sensors and filter, Calibrated, All ok",2026-09-09 01:47:30,2026-09-09 01:47:30
143,SV,SC,180,2026-03-16,,,,2026-09-09 01:47:30,2026-09-09 01:47:30
153,SV,SC,190,2026-03-16,,,,2026-09-09 01:47:30,2026-09-09 01:47:30
171,SV,SC,212,2026-03-16,,,,2026-09-09 01:47:30,2026-09-09 01:47:30
246,SV,CL,304,2026-03-16,2026-04-13,,"Serviced Unit, Checked Config, Checked sensors, Calibrated, All Ok",2026-09-09 01:47:30,2026-09-09 01:47:30
68,SV,SC,80,2026-03-15,,,,2026-09-09 01:47:30,2026-09-09 01:47:30
71,SV,CL,83,2026-03-08,2026-02-03,,,2026-09-09 01:47:30,2026-09-09 01:47:30
350,SV,CL,417,2026-03-08,2026-02-03,,,2026-09-09 01:47:30,2026-09-09 01:47:30
352,SV,CL,419,2026-03-08,2026-02-03,,,2026-09-09 01:47:30,2026-09-09 01:47:30
353,SV,CL,420,2026-03-08,2026-02-03,,,2026-09-09 01:47:30,2026-09-09 01:47:30
354,SV,CL,421,2026-03-08,2026-02-03,,,2026-09-09 01:47:30,2026-09-09 01:47:30
358,SV,CL,425,2026-03-08,2026-02-03,,,2026-09-09 01:47:30,2026-09-09 01:47:30
362,SV,CL,429,2026-03-08,2026-02-03,,,2026-09-09 01:47:30,2026-09-09 01:47:30
369,SV,CL,437,2026-03-08,2026-02-03,,,2026-09-09 01:47:30,2026-09-09 01:47:30
109,SV,SC,133,2026-03-06,,,,2026-09-09 01:47:30,2026-09-09 01:47:30
112,SV,SC,139,2026-03-06,,,,2026-09-09 01:47:30,2026-09-09 01:47:30
119,SV,SC,146,2026-03-06,,,,2026-09-09 01:47:30,2026-09-09 01:47:30
189,SV,SC,233,2026-03-06,,,,2026-09-09 01:47:30,2026-09-09 01:47:30
197,SV,SC,242,2026-03-06,,,,2026-09-09 01:47:30,2026-09-09 01:47:30
215,SV,SC,265,2026-03-06,,,,2026-09-09 01:47:30,2026-09-09 01:47:30
216,SV,SC,266,2026-03-06,,,,2026-09-09 01:47:30,2026-09-09 01:47:30
290,SV,SC,354,2026-03-06,,,,2026-09-09 01:47:30,2026-09-09 01:47:30
318,SV,SC,385,2026-03-06,,,,2026-09-09 01:47:30,2026-09-09 01:47:30
426,SV,SC,562,2026-03-06,,,,2026-09-09 01:47:30,2026-09-09 01:47:30
59,SV,SC,70,2026-03-04,,,,2026-09-09 01:47:30,2026-09-09 01:47:30
249,SV,CL,307,2026-03-04,2026-04-01,,"Serviced Unit, Checked config, 
sensors and filter, Calibrated, All ok",2026-09-09 01:47:30,2026-09-09 01:47:30
327,SV,CL,394,2026-03-04,2026-04-02,,"Serviced Unit, checked config, checked sensors for leakage, Calibrated, all ok",2026-09-09 01:47:30,2026-09-09 01:47:30
155,SV,CL,193,2026-03-03,2026-03-26,,"Serviced Unit, Checked config, 
sensors and filter, Calibrated, All ok",2026-09-09 01:47:30,2026-09-09 01:47:30
310,SV,SC,376,2026-02-25,,,,2026-09-09 01:47:30,2026-09-09 01:47:30
349,SV,SC,416,2026-02-25,,,,2026-09-09 01:47:30,2026-09-09 01:47:30
359,SV,SC,426,2026-02-25,,,,2026-09-09 01:47:30,2026-09-09 01:47:30
463,SV,SC,606,2026-02-22,,,,2026-09-09 01:47:30,2026-09-09 01:47:30
466,SV,CL,609,2026-02-21,2026-03-23,,"Full Service, Filters Replaced, Pump Cleaned",2026-09-09 01:47:30,2026-09-09 01:47:30
94,SV,CL,114,2026-02-20,2026-02-09,,,2026-09-09 01:47:30,2026-09-09 01:47:30
97,SV,CL,117,2026-02-20,2026-03-02,,,2026-09-09 01:47:30,2026-09-09 01:47:30
120,SV,SC,147,2026-02-20,,,,2026-09-09 01:47:30,2026-09-09 01:47:30
208,SV,SC,256,2026-02-20,,,,2026-09-09 01:47:30,2026-09-09 01:47:30
266,SV,CL,327,2026-02-20,2026-03-26,,"Serviced Unit, Checked config, 
sensors and filter, Calibrated, All ok",2026-09-09 01:47:30,2026-09-09 01:47:30
270,SV,SC,334,2026-02-20,,,,2026-09-09 01:47:30,2026-09-09 01:47:30
51,SV,SC,58,2026-02-18,,,,2026-09-09 01:47:30,2026-09-09 01:47:30
555,SV,SC,728,2026-02-13,,,,2026-09-09 01:47:30,2026-09-09 01:47:30
558,SV,SC,731,2026-02-13,,,,2026-09-09 01:47:30,2026-09-09 01:47:30
568,BT,SC,677,2026-02-13,,,,2026-09-09 01:47:30,2026-09-09 01:47:30
518,SV,SC,677,2026-02-13,,,,2026-09-09 01:47:30,2026-09-09 01:47:30
569,BT,SC,678,2026-02-13,,,,2026-09-09 01:47:30,2026-09-09 01:47:30
519,SV,SC,678,2026-02-13,,,,2026-09-09 01:47:30,2026-09-09 01:47:30
520,SV,SC,679,2026-02-13,,,,2026-09-09 01:47:30,2026-09-09 01:47:30
570,BT,SC,679,2026-02-13,,,,2026-09-09 01:47:30,2026-09-09 01:47:30
574,BT,SC,683,2026-02-13,,,,2026-09-09 01:47:30,2026-09-09 01:47:30
524,SV,SC,683,2026-02-13,,,,2026-09-09 01:47:30,2026-09-09 01:47:30
525,SV,SC,684,2026-02-13,,,,2026-09-09 01:47:30,2026-09-09 01:47:30
575,BT,SC,684,2026-02-13,,,,2026-09-09 01:47:30,2026-09-09 01:47:30
577,BT,SC,686,2026-02-13,,,,2026-09-09 01:47:30,2026-09-09 01:47:30
527,SV,SC,686,2026-02-13,,,,2026-09-09 01:47:30,2026-09-09 01:47:30
531,SV,SC,690,2026-02-13,,,,2026-09-09 01:47:30,2026-09-09 01:47:30
581,BT,SC,690,2026-02-13,,,,2026-09-09 01:47:30,2026-09-09 01:47:30
535,SV,SC,694,2026-02-13,,,,2026-09-09 01:47:30,2026-09-09 01:47:30
585,BT,SC,694,2026-02-13,,,,2026-09-09 01:47:30,2026-09-09 01:47:30
537,SV,SC,696,2026-02-13,,,,2026-09-09 01:47:30,2026-09-09 01:47:30
587,BT,SC,696,2026-02-13,,,,2026-09-09 01:47:30,2026-09-09 01:47:30
406,SV,CL,474,2026-02-11,2026-03-26,,"Serviced Unit, Checked config, 
sensors and filter, Calibrated, All ok",2026-09-09 01:47:30,2026-09-09 01:47:30
618,SV,SC,319,2026-02-09,,,,2026-09-09 01:47:30,2026-09-09 01:47:30
619,SV,CL,329,2026-02-09,2026-02-09,,,2026-09-09 01:47:30,2026-09-09 01:47:30
193,SV,CL,238,2026-02-08,2026-02-02,,,2026-09-09 01:47:30,2026-09-09 01:47:30
265,SV,CL,326,2026-02-08,2026-02-02,,,2026-09-09 01:47:30,2026-09-09 01:47:30
311,SV,CL,377,2026-02-08,2026-02-02,,,2026-09-09 01:47:30,2026-09-09 01:47:30
24,SV,SC,26,2026-02-06,,,,2026-09-09 01:47:30,2026-09-09 01:47:30
31,SV,SC,34,2026-02-06,,,,2026-09-09 01:47:30,2026-09-09 01:47:30
36,SV,SC,39,2026-02-06,,,,2026-09-09 01:47:30,2026-09-09 01:47:30
88,SV,SC,106,2026-02-06,,,,2026-09-09 01:47:30,2026-09-09 01:47:30
92,SV,SC,111,2026-02-06,,,,2026-09-09 01:47:30,2026-09-09 01:47:30
100,SV,SC,122,2026-02-06,,,,2026-09-09 01:47:30,2026-09-09 01:47:30
113,SV,SC,140,2026-02-06,,,,2026-09-09 01:47:30,2026-09-09 01:47:30
115,SV,SC,142,2026-02-06,,,,2026-09-09 01:47:30,2026-09-09 01:47:30
136,SV,SC,172,2026-02-06,,,,2026-09-09 01:47:30,2026-09-09 01:47:30
150,SV,SC,187,2026-02-06,,,,2026-09-09 01:47:30,2026-09-09 01:47:30
164,SV,SC,204,2026-02-06,,,,2026-09-09 01:47:30,2026-09-09 01:47:30
166,SV,SC,206,2026-02-06,,,,2026-09-09 01:47:30,2026-09-09 01:47:30
186,SV,SC,230,2026-02-06,,,,2026-09-09 01:47:30,2026-09-09 01:47:30
200,SV,SC,246,2026-02-06,,,,2026-09-09 01:47:30,2026-09-09 01:47:30
217,SV,SC,268,2026-02-06,,,,2026-09-09 01:47:30,2026-09-09 01:47:30
225,SV,CL,281,2026-02-06,2026-04-01,,"Serviced Unit, Checked config, 
sensors and filter, Calibrated, All ok",2026-09-09 01:47:30,2026-09-09 01:47:30
250,SV,SC,308,2026-02-06,,,,2026-09-09 01:47:30,2026-09-09 01:47:30
267,SV,SC,328,2026-02-06,,,,2026-09-09 01:47:30,2026-09-09 01:47:30
286,SV,SC,350,2026-02-06,,,,2026-09-09 01:47:30,2026-09-09 01:47:30
320,SV,SC,387,2026-02-06,,,,2026-09-09 01:47:30,2026-09-09 01:47:30
325,SV,SC,392,2026-02-06,,,,2026-09-09 01:47:30,2026-09-09 01:47:30
342,SV,SC,409,2026-02-06,,,,2026-09-09 01:47:30,2026-09-09 01:47:30
409,SV,SC,478,2026-02-06,,,,2026-09-09 01:47:30,2026-09-09 01:47:30
488,SV,CL,631,2026-02-05,2026-04-20,,"Serviced Unit, Checked config, Cleaned pump, Replaced filters, All ok",2026-09-09 01:47:30,2026-09-09 01:47:30
277,SV,SC,341,2026-02-04,,,,2026-09-09 01:47:30,2026-09-09 01:47:30
477,SV,CL,620,2026-02-03,2026-02-03,,,2026-09-09 01:47:30,2026-09-09 01:47:30
489,SV,SC,632,2026-02-03,,,,2026-09-09 01:47:30,2026-09-09 01:47:30
800,BT,CL,51,2026-02-02,2026-02-02,,REPLACED BATTERY,2026-09-09 01:47:30,2026-09-09 01:47:30
504,SV,SC,663,2026-01-31,,,,2026-09-09 01:47:30,2026-09-09 01:47:30
505,SV,CL,664,2026-01-31,2026-04-01,,"Serviced Unit, Checked config, Cleaned Pump, Lamp and PID sensor
sensors and filter, Calibrated, All ok",2026-09-09 01:47:30,2026-09-09 01:47:30
506,SV,SC,665,2026-01-31,,,,2026-09-09 01:47:30,2026-09-09 01:47:30
43,SV,SC,46,2026-01-31,,,,2026-09-09 01:47:30,2026-09-09 01:47:30
56,SV,SC,66,2026-01-31,,,,2026-09-09 01:47:30,2026-09-09 01:47:30
69,SV,SC,81,2026-01-31,,,,2026-09-09 01:47:30,2026-09-09 01:47:30
90,SV,CL,108,2026-01-31,2026-02-10,,,2026-09-09 01:47:30,2026-09-09 01:47:30
101,SV,SC,124,2026-01-31,,,,2026-09-09 01:47:30,2026-09-09 01:47:30
105,SV,CL,129,2026-01-31,2026-04-01,,"Serviced Unit, Checked config, 
sensors and filter, Calibrated, All ok",2026-09-09 01:47:30,2026-09-09 01:47:30
138,SV,SC,174,2026-01-31,,,,2026-09-09 01:47:30,2026-09-09 01:47:30
218,SV,SC,269,2026-01-31,,,,2026-09-09 01:47:30,2026-09-09 01:47:30
248,SV,SC,306,2026-01-31,,,,2026-09-09 01:47:30,2026-09-09 01:47:30
401,SV,SC,469,2026-01-31,,,,2026-09-09 01:47:30,2026-09-09 01:47:30
407,SV,CL,475,2026-01-31,2026-04-02,,"Serviced Unit, checked config, checked sensors for leakage, Calibrated, all ok",2026-09-09 01:47:30,2026-09-09 01:47:30
58,SV,CL,69,2026-01-30,2026-04-08,,"Serviced Unit, Checked Config, Checked sensors, Calibrated, All Ok",2026-09-09 01:47:30,2026-09-09 01:47:30
232,SV,SC,290,2026-01-30,,,,2026-09-09 01:47:30,2026-09-09 01:47:30
238,SV,CL,296,2026-01-30,2026-04-01,,"Serviced Unit, Checked config, 
sensors and filter, Calibrated, All ok",2026-09-09 01:47:30,2026-09-09 01:47:30
254,SV,SC,313,2026-01-30,,,,2026-09-09 01:47:30,2026-09-09 01:47:30
500,SV,CL,659,2026-01-29,2026-04-01,,"Serviced Unit, Reset Config, Cleaned Lamp, PID sensor and Pump. Replaced filters, Manually Spanned, all ok",2026-09-09 01:47:30,2026-09-09 01:47:30
3,SV,SC,3,2026-01-29,,,,2026-09-09 01:47:30,2026-09-09 01:47:30
33,SV,CL,36,2026-01-29,2026-02-19,,,2026-09-09 01:47:30,2026-09-09 01:47:30
195,SV,SC,240,2026-01-29,,,,2026-09-09 01:47:30,2026-09-09 01:47:30
199,SV,SC,245,2026-01-29,,,,2026-09-09 01:47:30,2026-09-09 01:47:30
331,SV,CL,398,2026-01-29,2026-03-26,,"Serviced Unit, Checked config, 
sensors and filter, Calibrated, All ok",2026-09-09 01:47:30,2026-09-09 01:47:30
372,SV,SC,440,2026-01-29,,,,2026-09-09 01:47:30,2026-09-09 01:47:30
487,SV,CL,630,2026-01-29,2026-08-17,,"Serviced Unit. Checked config, Replaced filters. Cleaned lamp, pid and pump. All tests ok.",2026-09-09 01:47:30,2026-09-09 01:47:30
333,SV,SC,400,2026-01-28,,,,2026-09-09 01:47:30,2026-09-09 01:47:30
131,SV,SC,164,2026-01-25,,,,2026-09-09 01:47:30,2026-09-09 01:47:30
493,SV,SC,652,2026-01-24,,,,2026-09-09 01:47:30,2026-09-09 01:47:30
517,SV,SC,676,2026-01-24,,,,2026-09-09 01:47:30,2026-09-09 01:47:30
549,SV,SC,722,2026-01-24,,,,2026-09-09 01:47:30,2026-09-09 01:47:30
550,SV,SC,723,2026-01-24,,,,2026-09-09 01:47:30,2026-09-09 01:47:30
551,SV,SC,724,2026-01-24,,,,2026-09-09 01:47:30,2026-09-09 01:47:30
552,SV,SC,725,2026-01-24,,,,2026-09-09 01:47:30,2026-09-09 01:47:30
512,SV,SC,671,2026-01-22,,,,2026-09-09 01:47:30,2026-09-09 01:47:30
467,SV,CL,610,2026-01-17,2026-03-26,,"Serviced Unit, Checked config, 
sensors and filter, Calibrated, All ok",2026-09-09 01:47:30,2026-09-09 01:47:30
146,SV,SC,183,2026-01-14,,,,2026-09-09 01:47:30,2026-09-09 01:47:30
398,SV,SC,466,2026-01-14,,,,2026-09-09 01:47:30,2026-09-09 01:47:30
291,SV,SC,355,2026-01-04,,,,2026-09-09 01:47:30,2026-09-09 01:47:30
292,SV,SC,356,2026-01-04,,,,2026-09-09 01:47:30,2026-09-09 01:47:30
323,SV,SC,390,2026-01-04,,,,2026-09-09 01:47:30,2026-09-09 01:47:30
410,SV,CL,481,2026-01-04,2026-03-12,,,2026-09-09 01:47:30,2026-09-09 01:47:30
57,SV,SC,68,2026-01-03,,,,2026-09-09 01:47:30,2026-09-09 01:47:30
317,SV,CL,384,2026-01-01,2026-02-23,,,2026-09-09 01:47:30,2026-09-09 01:47:30
390,SV,CL,458,2026-01-01,2026-04-02,,"Serviced Unit, Checked sensors for leakage. checked Config, calibrated, all ok",2026-09-09 01:47:30,2026-09-09 01:47:30
792,FC,CL,8,2025-12-31,2025-12-31,,REPLACED BATTERY,2026-09-09 01:47:30,2026-09-09 01:47:30
686,SV,CL,443,2025-12-26,2026-03-26,,"Serviced Unit, Checked config, 
sensors and filter, Calibrated, All ok",2026-09-09 01:47:30,2026-09-09 01:47:30
375,SV,CL,443,2025-12-26,2026-03-27,,,2026-09-09 01:47:30,2026-09-09 01:47:30
378,SV,CL,446,2025-12-26,2026-03-26,,"Serviced Unit, Checked config, 
sensors and filter, Calibrated, All ok",2026-09-09 01:47:30,2026-09-09 01:47:30
379,SV,SC,447,2025-12-26,,,,2026-09-09 01:47:30,2026-09-09 01:47:30
380,SV,SC,448,2025-12-26,,,,2026-09-09 01:47:30,2026-09-09 01:47:30
382,SV,CL,450,2025-12-26,2026-04-08,,"Serviced Unit, Checked Config, Checked sensors, Calibrated, All Ok",2026-09-09 01:47:30,2026-09-09 01:47:30
798,BT,CL,309,2025-12-19,2025-12-19,,REPLACED BATTERY,2026-09-09 01:47:30,2026-09-09 01:47:30
806,BT,CL,390,2025-12-19,2025-12-19,,REPLACED BATTERY,2026-09-09 01:47:30,2026-09-09 01:47:30
501,SV,CL,660,2025-12-18,2026-03-26,,"Serviced Unit, Checked config, 
sensors and filter, Calibrated, All ok",2026-09-09 01:47:30,2026-09-09 01:47:30
509,SV,CL,668,2025-12-18,2026-05-18,,"Repaired Unit, cleaned out pump and replaced hoses. Cleaned lamp and PID sensor. Manually spanned, all tests passed",2026-09-09 01:47:30,2026-09-09 01:47:30
470,SV,CL,613,2025-12-17,2026-08-20,,"Serviced Unit, Checked config, Replaced Filters and cleaned pump. Replaced SO2 sensor.",2026-09-09 01:47:30,2026-09-09 01:47:30
360,SV,SC,427,2025-12-16,,,,2026-09-09 01:47:30,2026-09-09 01:47:30
361,SV,SC,428,2025-12-16,,,,2026-09-09 01:47:30,2026-09-09 01:47:30
73,SV,CL,86,2025-12-11,2026-04-08,,"Serviced Unit, Checked Config, Checked sensors, Calibrated, All Ok",2026-09-09 01:47:30,2026-09-09 01:47:30
173,SV,SC,214,2025-12-11,,,,2026-09-09 01:47:30,2026-09-09 01:47:30
259,SV,SC,320,2025-12-11,,,,2026-09-09 01:47:30,2026-09-09 01:47:30
479,SV,CL,622,2025-12-10,2026-04-07,,"Serviced Unit, Reset Config, Cleaned Lamp, PID and pump. Replaced pump hoses. Manually spanned. All ok",2026-09-09 01:47:30,2026-09-09 01:47:30
482,SV,SC,625,2025-12-03,,,,2026-09-09 01:47:30,2026-09-09 01:47:30
8,SV,CL,9,2025-11-26,2026-03-26,,"Serviced Unit, Checked config, 
sensors and filter, Calibrated, All ok",2026-09-09 01:47:30,2026-09-09 01:47:30
61,SV,CL,73,2025-11-26,2026-04-13,,"Serviced Unit, Checked Config, Checked sensors, Calibrated, All Ok",2026-09-09 01:47:30,2026-09-09 01:47:30
191,SV,SC,235,2025-11-26,,,,2026-09-09 01:47:30,2026-09-09 01:47:30
347,SV,CL,414,2025-11-26,2026-05-04,,"Replaced faulty CO sensor, Serviced Unit, Checked config, Calibrated, All Ok",2026-09-09 01:47:30,2026-09-09 01:47:30
468,SV,CL,611,2025-11-24,2026-03-22,,,2026-09-09 01:47:30,2026-09-09 01:47:30
162,SV,SC,202,2025-11-22,,,,2026-09-09 01:47:30,2026-09-09 01:47:30
329,SV,SC,396,2025-11-21,,,,2026-09-09 01:47:30,2026-09-09 01:47:30
515,SV,CL,674,2025-11-15,2026-04-15,,"Serviced Unit, Reset Config, Cleaned Lamp, PID sensor and Pump. Replaced filters, Manually Spanned, all ok",2026-09-09 01:47:30,2026-09-09 01:47:30
371,SV,CL,439,2025-11-15,2026-03-26,,"Serviced Unit, Checked config, 
sensors and filter, Calibrated, All ok",2026-09-09 01:47:30,2026-09-09 01:47:30
30,SV,CL,33,2025-11-14,2026-04-08,,"Serviced Unit, Checked Config, Calibrated, all Ok",2026-09-09 01:47:30,2026-09-09 01:47:30
127,SV,SC,157,2025-11-14,,,,2026-09-09 01:47:30,2026-09-09 01:47:30
475,SV,CL,618,2025-11-13,2026-05-20,,"Post NUFARM incident, Unit ingressed with water.
Serviced Unit, Checked Config, Replaced Filters, Cleaned PID, Lamp, and pump. All Tests ok",2026-09-09 01:47:30,2026-09-09 01:47:30
5,SV,CL,6,2025-11-13,2026-03-04,,,2026-09-09 01:47:30,2026-09-09 01:47:30
14,SV,SC,16,2025-11-13,,,,2026-09-09 01:47:30,2026-09-09 01:47:30
67,SV,CL,79,2025-11-13,2026-04-01,,"Serviced Unit, Checked config, 
sensors and filter, Calibrated, All ok",2026-09-09 01:47:30,2026-09-09 01:47:30
179,SV,CL,220,2025-11-13,2026-03-26,,"Serviced Unit, Checked config, 
sensors and filter, Calibrated, All ok",2026-09-09 01:47:30,2026-09-09 01:47:30
296,SV,SC,361,2025-11-13,,,,2026-09-09 01:47:30,2026-09-09 01:47:30
332,SV,SC,399,2025-11-13,,,,2026-09-09 01:47:30,2026-09-09 01:47:30
134,SV,SC,169,2025-11-12,,,,2026-09-09 01:47:30,2026-09-09 01:47:30
222,SV,SC,274,2025-11-12,,,,2026-09-09 01:47:30,2026-09-09 01:47:30
226,SV,SC,283,2025-11-12,,,,2026-09-09 01:47:30,2026-09-09 01:47:30
356,SV,CL,423,2025-11-12,2026-04-13,,"Serviced Unit, Reset Config, Cleaned Lamp, PID sensor and Pump. Replaced filters, Manually Spanned, all ok",2026-09-09 01:47:30,2026-09-09 01:47:30
480,SV,CL,623,2025-11-10,2026-03-27,,"Reset Config. Set measuring gas, Adjusted date $ time, Cleaned lamp, pid, and pump. Manually Spanned and auto cal'd. All ok",2026-09-09 01:47:30,2026-09-09 01:47:30
483,SV,CL,626,2025-11-10,2026-05-13,,"Serviced Unit, Checked config, Cleaned pump, Replaced filters, All ok",2026-09-09 01:47:30,2026-09-09 01:47:30
490,SV,CL,633,2025-11-10,2026-07-01,,"Serviced Unit, checked config, Cleaned Lamp, PID sensor and pump. Replaced filters, Replaced pump hoses. All tests ok.",2026-09-09 01:47:30,2026-09-09 01:47:30
481,SV,CL,624,2025-11-06,2026-03-30,,"Serviced Unit, Checked config, 
sensors and filter, Calibrated, All ok",2026-09-09 01:47:30,2026-09-09 01:47:30
469,SV,CL,612,2025-11-05,2026-11-12,,,2026-09-09 01:47:30,2026-09-09 01:47:30
804,BT,CL,113,2025-10-31,2025-10-31,,REPLACED BATTERY,2026-09-09 01:47:30,2026-09-09 01:47:30
128,SV,SC,160,2025-10-30,,,,2026-09-09 01:47:30,2026-09-09 01:47:30
194,SV,SC,239,2025-10-23,,,,2026-09-09 01:47:30,2026-09-09 01:47:30
181,SV,CL,224,2025-10-22,2026-04-01,,"Serviced Unit, Checked config, 
sensors and filter, Calibrated, All ok",2026-09-09 01:47:30,2026-09-09 01:47:30
473,SV,CL,616,2025-10-14,2026-04-22,,"Serviced Unit, Checked config, Cleaned pump, Replaced filters, All ok",2026-09-09 01:47:30,2026-09-09 01:47:30
169,SV,SC,210,2025-09-30,,,,2026-09-09 01:47:30,2026-09-09 01:47:30
48,SV,CL,54,2025-09-25,2026-04-23,,"REPLACED 02 & HCN SENSOR, SERVICED UNIT, CALILBRATED, CHECKED CONFIG ALL OK",2026-09-09 01:47:30,2026-09-09 01:47:30
235,SV,CL,293,2025-09-25,2026-04-08,,"Serviced Unit, Checked Config, Checked sensors, Calibrated, All Ok",2026-09-09 01:47:30,2026-09-09 01:47:30
35,SV,CL,38,2025-09-24,2026-03-26,,"Serviced Unit, Checked config, 
sensors and filter, Calibrated, All ok",2026-09-09 01:47:30,2026-09-09 01:47:30
121,SV,CL,148,2025-09-24,2026-03-26,,"Serviced Unit, Checked config, 
sensors and filter, Calibrated, All ok",2026-09-09 01:47:30,2026-09-09 01:47:30
202,SV,SC,248,2025-09-24,,,,2026-09-09 01:47:30,2026-09-09 01:47:30
209,SV,SC,257,2025-09-24,,,,2026-09-09 01:47:30,2026-09-09 01:47:30
303,SV,SC,368,2025-09-24,,,,2026-09-09 01:47:30,2026-09-09 01:47:30
328,SV,SC,395,2025-09-20,,,,2026-09-09 01:47:30,2026-09-09 01:47:30
330,SV,SC,397,2025-09-20,,,,2026-09-09 01:47:30,2026-09-09 01:47:30
584,BT,SC,693,2025-09-20,,,,2026-09-09 01:47:30,2026-09-09 01:47:30
534,SV,SC,693,2025-09-20,,,,2026-09-09 01:47:30,2026-09-09 01:47:30
12,SV,CL,14,2025-08-25,2026-02-19,,,2026-09-09 01:47:30,2026-09-09 01:47:30
301,SV,CL,366,2025-08-25,2026-03-26,,"Serviced Unit, Checked config, 
sensors and filter, Calibrated, All ok",2026-09-09 01:47:30,2026-09-09 01:47:30
161,SV,SC,201,2025-08-24,,,,2026-09-09 01:47:30,2026-09-09 01:47:30
472,SV,CL,615,2025-08-21,2026-05-20,,"Serviced Unit, Replaced Filter and Orings, Cleaned pump, all tests OK",2026-09-09 01:47:30,2026-09-09 01:47:30
810,BT,CL,112,2025-08-19,2025-08-19,,REPLACED BATTERY,2026-09-09 01:47:30,2026-09-09 01:47:30
34,SV,CL,37,2025-08-10,2026-04-13,,"Serviced Unit, Checked Config, Checked sensors, Calibrated, All Ok",2026-09-09 01:47:30,2026-09-09 01:47:30
275,SV,SC,339,2025-08-10,,,,2026-09-09 01:47:30,2026-09-09 01:47:30
346,SV,CL,413,2025-08-10,2026-03-26,,"Serviced Unit, Checked config, 
sensors and filter, Calibrated, All ok",2026-09-09 01:47:30,2026-09-09 01:47:30
102,SV,SC,126,2025-08-07,,,,2026-09-09 01:47:30,2026-09-09 01:47:30
316,SV,SC,383,2025-08-07,,,,2026-09-09 01:47:30,2026-09-09 01:47:30
321,SV,SC,388,2025-08-07,,,,2026-09-09 01:47:30,2026-09-09 01:47:30
364,SV,SC,431,2025-08-07,,,,2026-09-09 01:47:30,2026-09-09 01:47:30
86,SV,SC,104,2025-07-21,,,,2026-09-09 01:47:30,2026-09-09 01:47:30
104,SV,SC,128,2025-07-21,,,,2026-09-09 01:47:30,2026-09-09 01:47:30
114,SV,SC,141,2025-07-21,,,,2026-09-09 01:47:30,2026-09-09 01:47:30
474,SV,CL,617,2025-07-16,2026-05-28,,"Serviced Unit. Replaced Filters, CLeaned Lamp, PID and pump. Checked Config, All tests ok",2026-09-09 01:47:30,2026-09-09 01:47:30
178,SV,SC,219,2025-07-15,,,,2026-09-09 01:47:30,2026-09-09 01:47:30
263,SV,SC,324,2025-07-15,,,,2026-09-09 01:47:30,2026-09-09 01:47:30
11,SV,SC,12,2025-07-10,,,,2026-09-09 01:47:30,2026-09-09 01:47:30
38,SV,SC,41,2025-07-10,,,,2026-09-09 01:47:30,2026-09-09 01:47:30
261,SV,CL,322,2025-07-10,2026-04-13,,"Serviced Unit, Checked Config, Checked sensors, Calibrated, All Ok",2026-09-09 01:47:30,2026-09-09 01:47:30
457,SV,SC,598,2025-07-09,,,,2026-09-09 01:47:30,2026-09-09 01:47:30
460,SV,SC,601,2025-07-09,,,,2026-09-09 01:47:30,2026-09-09 01:47:30
65,SV,SC,77,2025-07-05,,,,2026-09-09 01:47:30,2026-09-09 01:47:30
471,SV,CL,614,2025-06-10,2026-05-29,,"REPLACED HCN SENSOR, SERVICED UNIT, cleaned pump, replaced filter - Replaced torn rubber boot",2026-09-09 01:47:30,2026-09-09 01:47:30
241,SV,SC,299,2025-05-29,,,,2026-09-09 01:47:30,2026-09-09 01:47:30
334,SV,SC,401,2025-05-29,,,,2026-09-09 01:47:30,2026-09-09 01:47:30
335,SV,SC,402,2025-05-29,,,,2026-09-09 01:47:30,2026-09-09 01:47:30
340,SV,SC,407,2025-05-29,,,,2026-09-09 01:47:30,2026-09-09 01:47:30
341,SV,SC,408,2025-05-29,,,,2026-09-09 01:47:30,2026-09-09 01:47:30
343,SV,SC,410,2025-05-29,,,,2026-09-09 01:47:30,2026-09-09 01:47:30
293,SV,SC,357,2025-05-26,,,,2026-09-09 01:47:30,2026-09-09 01:47:30
239,SV,SC,297,2025-05-22,,,,2026-09-09 01:47:30,2026-09-09 01:47:30
211,SV,SC,259,2025-05-21,,,,2026-09-09 01:47:30,2026-09-09 01:47:30
262,SV,SC,323,2025-05-21,,,,2026-09-09 01:47:30,2026-09-09 01:47:30
306,SV,SC,371,2025-05-21,,,,2026-09-09 01:47:30,2026-09-09 01:47:30
80,SV,SC,96,2025-05-20,,,,2026-09-09 01:47:30,2026-09-09 01:47:30
188,SV,SC,232,2025-05-20,,,,2026-09-09 01:47:30,2026-09-09 01:47:30
198,SV,SC,244,2025-05-20,,,,2026-09-09 01:47:30,2026-09-09 01:47:30
223,SV,SC,275,2025-05-18,,,,2026-09-09 01:47:30,2026-09-09 01:47:30
453,SV,SC,594,2025-05-12,,,,2026-09-09 01:47:30,2026-09-09 01:47:30
252,SV,CL,311,2025-05-12,2026-03-26,,"Serviced Unit, Checked config, 
sensors and filter, Calibrated, All ok",2026-09-09 01:47:30,2026-09-09 01:47:30
268,SV,SC,331,2025-05-12,,,,2026-09-09 01:47:30,2026-09-09 01:47:30
282,SV,CL,346,2025-05-12,2026-05-27,,"Service Unit, Replaced Battery and Sensors, Calibrated all ok",2026-09-09 01:47:30,2026-09-09 01:47:30
220,SV,SC,272,2025-05-09,,,,2026-09-09 01:47:30,2026-09-09 01:47:30
273,SV,SC,337,2025-04-28,,,,2026-09-09 01:47:30,2026-09-09 01:47:30
478,SV,CL,621,2025-04-24,2026-04-27,,"Serviced Unit, Checked config, Cleaned pump, Replaced filters, All ok",2026-09-09 01:47:30,2026-09-09 01:47:30
452,SV,SC,593,2025-03-20,,,,2026-09-09 01:47:30,2026-09-09 01:47:30
158,SV,SC,197,2025-03-09,,,,2026-09-09 01:47:30,2026-09-09 01:47:30
307,SV,SC,372,2025-03-09,,,,2026-09-09 01:47:30,2026-09-09 01:47:30
450,SV,SC,591,2025-02-28,,,,2026-09-09 01:47:30,2026-09-09 01:47:30
456,SV,SC,597,2025-02-28,,,,2026-09-09 01:47:30,2026-09-09 01:47:30
447,SV,SC,588,2025-02-12,,,,2026-09-09 01:47:30,2026-09-09 01:47:30
110,SV,CL,134,2025-02-12,2026-03-12,,,2026-09-09 01:47:30,2026-09-09 01:47:30
206,SV,SC,254,2025-02-12,,,,2026-09-09 01:47:30,2026-09-09 01:47:30
244,SV,CL,302,2025-02-12,2026-03-26,,"Serviced Unit, Checked config, 
sensors and filter, Calibrated, All ok",2026-09-09 01:47:30,2026-09-09 01:47:30
201,SV,SC,247,2025-02-11,,,,2026-09-09 01:47:30,2026-09-09 01:47:30
274,SV,SC,338,2025-02-11,,,,2026-09-09 01:47:30,2026-09-09 01:47:30
348,SV,SC,415,2025-02-06,,,,2026-09-09 01:47:30,2026-09-09 01:47:30
351,SV,SC,418,2025-02-06,,,,2026-09-09 01:47:30,2026-09-09 01:47:30
458,SV,SC,599,2025-02-05,,,,2026-09-09 01:47:30,2026-09-09 01:47:30
449,SV,SC,590,2025-01-03,,,,2026-09-09 01:47:30,2026-09-09 01:47:30
557,SV,SC,730,2024-12-14,,,,2026-09-09 01:47:30,2026-09-09 01:47:30
561,SV,SC,734,2024-12-14,,,,2026-09-09 01:47:30,2026-09-09 01:47:30
562,SV,SC,735,2024-12-14,,,,2026-09-09 01:47:30,2026-09-09 01:47:30
563,SV,SC,736,2024-12-14,,,,2026-09-09 01:47:30,2026-09-09 01:47:30
455,SV,SC,596,2024-10-23,,,,2026-09-09 01:47:30,2026-09-09 01:47:30
459,SV,SC,600,2024-10-16,,,,2026-09-09 01:47:30,2026-09-09 01:47:30
462,SV,SC,603,2024-08-07,,,,2026-09-09 01:47:30,2026-09-09 01:47:30
451,SV,SC,592,2024-04-04,,,,2026-09-09 01:47:30,2026-09-09 01:47:30
